cbsa15,cbsaname15,pop_acs16,median_age,in_migration_from_diff_msa,per_capita_income,aggr_income_billion,percent_in_labor_force,percent_employed,income_above_poverty_line,households_not_receiving_food_stamp_snap,bachelors_degree_or_higher,internet_subscription,broadband_subscription,research_universities,male_female_ratio,gmp_billion_usd,cagr01to15,cagr10to15,inc5000_count,inc5000_per1M,fortune1000_count,fortune1000_per1M,restaurants_count,restaurants_per10K,gini,patents_count,patents_per10K,fips_state,state_abbr,state_name,census_region,lon,lat,unicorns_count,unicorns_per1M
10180,"Abilene, TX Metro Area",170860,34.4,0.06,22678,3.87,0.57,0.96,0.83,0.87,0.2,0.73,0.61,0,1.05,6.2,0.019980023,0.02846873,2,12,0,0,83,4.9,0.46,70,4,48,TX,Texas,South,-99.747195,32.452109,0,0
10420,"Akron, OH Metro Area",702221,40.2,0.03,29318,20.59,0.63,0.95,0.86,0.87,0.33,0.8,0.67,2,0.95,31.2,0.011412005,0.018356835,45,64,14,20,430,6.1,0.46,5288,75,39,OH,Ohio,Midwest,-81.457919,41.128225,0,0
10500,"Albany, GA Metro Area",152506,36.4,0.04,22635,3.45,0.6,0.9,0.75,0.76,0.19,0.74,0.53,0,0.9,4.5,-0.010830427,-0.011714027,0,0,0,0,79,5.1,0.5,111,7,13,GA,Georgia,South,-84.14784,31.593555,0,0
10540,"Albany, OR Metro Area",122849,39.4,0.05,26902,3.3,0.57,0.93,0.88,0.82,0.23,0.81,0.65,0,0.99,3.2,0.008247095,0.015170274,0,0,0,0,83,7,0.42,0,0,41,OR,Oregon,West,-122.959647,44.554622,0,0
10580,"Albany-Schenectady-Troy, NY Metro Area",881839,39.8,0.04,34779,30.67,0.66,0.95,0.9,0.89,0.4,0.85,0.74,2,0.96,45.3,0.012003765,0.011653037,41,47,7,8,780,8.9,0.43,10852,123,36,NY,New York,Northeast,-73.819697,42.787795,0,0
10740,"Albuquerque, NM Metro Area",913924,37.9,0.03,27324,24.97,0.61,0.94,0.83,0.84,0.31,0.79,0.63,1,0.97,38.7,0.012085374,0.000150082,24,27,9,10,490,5.4,0.47,3823,42,35,NM,New Mexico,West,-106.620656,35.105462,0,0
10780,"Alexandria, LA Metro Area",154789,37.7,0.03,23962,3.71,0.56,0.94,0.8,0.82,0.2,0.73,0.55,0,1,4.7,0.006879985,-0.029161011,0,0,0,0,57,3.7,0.46,89,6,22,LA,Louisiana,South,-92.469814,31.320752,0,0
10900,"Allentown-Bethlehem-Easton, PA-NJ Metro Area",835652,41.1,0.04,32265,26.96,0.65,0.94,0.88,0.88,0.31,0.83,0.72,1,0.97,33.4,0.008903087,0.014375058,30,36,8,10,623,7.5,0.44,5073,61,42,PA,Pennsylvania,Northeast,-75.391297,40.683247,0,0
11020,"Altoona, PA Metro Area",124650,43.8,0.04,24821,3.09,0.58,0.95,0.87,0.84,0.22,0.75,0.63,0,0.96,4.5,0.006726191,0.00448348,2,16,0,0,95,7.5,0.44,112,9,42,PA,Pennsylvania,Northeast,-78.377158,40.48552,0,0
11100,"Amarillo, TX Metro Area",263491,34.8,0.02,28376,7.48,0.65,0.97,0.85,0.88,0.23,0.8,0.62,0,1,10.9,0.020455532,0.01543428,2,8,0,0,182,7,0.46,212,8,48,TX,Texas,South,-101.850365,35.177452,0,0
11180,"Ames, IA Metro Area",97090,26.9,0.11,27937,2.71,0.69,0.95,0.78,0.93,0.57,0.77,0.65,1,1.05,4.3,0.017714167,-0.006734467,5,53,0,0,65,6.9,0.46,1025,109,19,IA,Iowa,Midwest,-93.601828,42.026371,0,0
11260,"Anchorage, AK Metro Area",402557,33.3,0.03,36479,14.69,0.71,0.93,0.93,0.91,0.32,0.91,0.78,0,1.06,26.6,0.022116492,-0.000891474,6,15,0,0,282,7.1,0.42,403,10,2,AK,Alaska,West,-149.706356,61.290161,0,0
11460,"Ann Arbor, MI Metro Area",364709,33.5,0.08,38196,13.93,0.64,0.96,0.85,0.92,0.56,0.89,0.76,2,0.98,19.2,0.002777054,0.001854406,36,101,8,22,266,7.5,0.48,7928,222,26,MI,Michigan,Midwest,-83.727176,42.256944,0,0
11500,"Anniston-Oxford-Jacksonville, AL Metro Area",114611,39.1,0.03,23818,2.73,0.56,0.91,0.84,0.86,0.17,0.72,0.54,0,0.94,3.4,0.006451007,-0.022369899,0,0,0,0,77,6.6,0.45,80,7,1,AL,Alabama,South,-85.819404,33.72546,0,0
11540,"Appleton, WI Metro Area",234079,38.8,0.04,32160,7.53,0.72,0.97,0.92,0.93,0.3,0.86,0.73,0,1,11,0.012902313,0.019385482,10,43,2,9,205,8.9,0.4,2184,94,55,WI,Wisconsin,Midwest,-88.369973,44.274723,0,0
11700,"Asheville, NC Metro Area",452319,44.5,0.04,29029,13.13,0.59,0.96,0.87,0.9,0.34,0.77,0.61,0,0.93,15,0.016940811,0.011452051,17,38,1,2,427,9.7,0.46,859,19,37,NC,North Carolina,South,-82.589057,35.528291,0,0
12020,"Athens-Clarke County, GA Metro Area",206360,31.8,0.1,25980,5.36,0.62,0.95,0.79,0.86,0.38,0.79,0.68,1,0.96,7.2,0.013545811,0.015077362,6,30,0,0,140,7,0.51,616,31,13,GA,Georgia,South,-83.355274,33.95751,0,0
12060,"Atlanta-Sandy Springs-Roswell, GA Metro Area",5790210,36.2,0.03,32055,185.6,0.67,0.95,0.87,0.88,0.39,0.86,0.73,7,0.93,303.9,0.013353032,0.022108424,666,119,79,14,3969,7.1,0.47,22970,41,13,GA,Georgia,South,-84.346401,33.81922,1,0.18
12100,"Atlantic City-Hammonton, NJ Metro Area",270991,40.6,0.03,29158,7.9,0.64,0.89,0.86,0.84,0.29,0.8,0.7,0,0.94,11.8,-0.009083137,-0.019828003,5,18,0,0,331,12,0.46,237,9,34,NJ,New Jersey,Northeast,-74.583545,39.427563,0,0
12220,"Auburn-Opelika, AL Metro Area",158991,31,0.09,25081,3.99,0.62,0.94,0.81,0.9,0.37,0.83,0.67,1,0.99,4.4,0.03221212,0.028238071,2,13,0,0,106,6.9,0.5,359,23,1,AL,Alabama,South,-85.345889,32.588093,0,0
12260,"Augusta-Richmond County, GA-SC Metro Area",595147,37.6,0.04,25058,14.91,0.59,0.92,0.82,0.84,0.25,0.77,0.6,1,0.95,19.8,0.004046897,0.004327967,5,9,0,0,347,5.9,0.47,740,13,13,GA,Georgia,South,-82.009236,33.484227,0,0
12420,"Austin-Round Rock, TX Metro Area",2056405,34.4,0.05,36708,75.49,0.71,0.95,0.89,0.93,0.43,0.87,0.74,2,1,110.7,0.044732291,0.050768899,298,153,6,3,1370,7,0.47,33753,174,48,TX,Texas,South,-97.739188,30.324952,1,0.51
12540,"Bakersfield, CA Metro Area",884788,31.3,0.04,21313,18.86,0.59,0.89,0.77,0.81,0.16,0.8,0.6,0,1.05,32.5,0.030273113,0.013594552,22,25,0,0,400,4.6,0.46,978,11,6,CA,California,West,-118.936207,35.372968,0,0
12580,"Baltimore-Columbia-Towson, MD Metro Area",2798886,38.3,0.03,38406,107.49,0.67,0.95,0.9,0.88,0.42,0.86,0.74,3,0.93,162.4,0.018002706,0.014393715,237,85,26,9,1525,5.5,0.46,10637,38,24,MD,Maryland,South,-76.62769,39.298383,0,0
12620,"Bangor, ME Metro Area",151806,42,0.04,26306,3.99,0.62,0.93,0.85,0.83,0.27,0.83,0.71,1,0.97,5.2,0.000588855,-0.002463084,0,0,0,0,111,7.2,0.45,184,12,23,ME,Maine,Northeast,-68.793837,44.953036,0,0
12700,"Barnstable Town, MA Metro Area",214276,53.1,0.03,40874,8.76,0.59,0.95,0.94,0.92,0.39,0.87,0.78,0,0.91,9.7,0.004205469,0.015529688,7,33,0,0,432,20.1,0.46,677,32,25,MA,Massachusetts,Northeast,-70.333834,41.690217,0,0
12940,"Baton Rouge, LA Metro Area",835175,35.1,0.03,29027,24.24,0.63,0.94,0.83,0.83,0.28,0.8,0.65,1,0.97,45.6,0.027868949,0.011159372,40,48,5,6,435,5.3,0.47,1359,16,22,LA,Louisiana,South,-91.058822,30.45684,0,0
12980,"Battle Creek, MI Metro Area",134386,39.6,0.03,25252,3.39,0.59,0.94,0.83,0.87,0.2,0.78,0.58,0,0.94,5.1,0.003011428,-0.005623781,1,7,2,15,88,6.5,0.45,329,24,26,MI,Michigan,Midwest,-85.10189,42.289509,0,0
13020,"Bay City, MI Metro Area",104747,43.1,0.01,25427,2.66,0.6,0.93,0.84,0.83,0.2,0.82,0.66,0,0.99,2.8,-0.003948483,-0.009353222,0,0,0,0,65,6.1,0.44,328,31,26,MI,Michigan,Midwest,-83.928441,43.630575,0,0
13140,"Beaumont-Port Arthur, TX Metro Area",409901,36.7,0.04,26497,10.86,0.57,0.95,0.83,0.87,0.17,0.7,0.52,1,1.02,20.4,0.025798447,0.011458209,6,15,0,0,190,4.7,0.48,337,8,48,TX,Texas,South,-94.042609,30.098666,0,0
13220,"Beckley, WV Metro Area",120924,43,0.02,22869,2.77,0.52,0.92,0.84,0.8,0.2,0.74,0.63,0,0.98,4.3,0.010005094,0.001554338,1,8,0,0,78,6.3,0.45,0,0,54,WV,West Virginia,South,-81.177436,37.867162,0,0
13380,"Bellingham, WA Metro Area",216800,37,0.06,28261,6.13,0.63,0.93,0.84,0.85,0.32,0.88,0.75,0,0.98,8.3,0.02161107,-0.011367906,9,43,0,0,187,9,0.45,619,30,53,WA,Washington,West,-122.485377,48.820553,0,0
13460,"Bend-Redmond, OR Metro Area",181307,41.8,0.07,31790,5.76,0.63,0.95,0.89,0.85,0.32,0.87,0.71,0,0.99,6.6,0.022848886,0.025811797,9,53,0,0,173,10.2,0.47,686,40,41,OR,Oregon,West,-121.305498,44.092071,0,0
13740,"Billings, MT Metro Area",169736,40.3,0.02,31978,5.43,0.66,0.97,0.93,0.93,0.33,0.83,0.69,0,0.99,8.8,0.028785211,0.041382821,3,18,0,0,133,8,0.46,140,8,30,MT,Montana,West,-108.577208,45.764276,0,0
13780,"Binghamton, NY Metro Area",244094,40.5,0.03,27610,6.74,0.57,0.93,0.84,0.83,0.3,0.82,0.7,1,0.97,8.5,0.009454481,-0.006862348,6,24,0,0,208,8.4,0.45,2481,100,36,NY,New York,Northeast,-76.007945,42.12124,0,0
13820,"Birmingham-Hoover, AL Metro Area",1147417,38.8,0.02,29265,33.58,0.61,0.94,0.86,0.87,0.31,0.79,0.63,1,0.92,57.5,0.00865062,0.020499214,71,62,28,24,634,5.5,0.48,1395,12,1,AL,Alabama,South,-86.784542,33.495986,0,0
13900,"Bismarck, ND Metro Area",131547,36.8,0.01,36531,4.81,0.73,0.98,0.91,0.95,0.32,0.8,0.7,0,1,7.1,0.043371272,0.067853702,5,39,1,8,65,5.1,0.43,131,10,38,ND,North Dakota,Midwest,-100.82884,46.80293,0,0
13980,"Blacksburg-Christiansburg-Radford, VA Metro Area",183411,33.8,0.07,28783,5.28,0.59,0.94,0.81,0.92,0.38,0.81,0.6,1,1.01,5.9,0.010372025,0.013874536,5,28,0,0,135,7.4,0.47,1019,56,51,VA,Virginia,South,-80.506787,37.154239,0,0
14010,"Bloomington, IL Metro Area",187326,33.9,0.06,32178,6.03,0.69,0.96,0.87,0.89,0.45,0.83,0.67,1,0.96,9.4,0.00550929,-0.006813877,1,5,4,21,135,7.1,0.46,437,23,17,IL,Illinois,Midwest,-88.950868,40.465437,0,0
14020,"Bloomington, IN Metro Area",166336,30.2,0.1,26425,4.4,0.62,0.94,0.76,0.9,0.42,0.82,0.68,1,1.01,5.9,0.012378351,-0.009745873,7,43,0,0,130,7.9,0.5,933,57,18,IN,Indiana,Midwest,-86.573148,39.183531,0,0
14100,"Bloomsburg-Berwick, PA Metro Area",84763,41.3,0.04,26551,2.25,0.59,0.96,0.87,0.91,0.26,0.78,0.62,0,0.92,3.5,0.013830025,0.008048501,1,12,0,0,68,7.9,0.46,0,0,42,PA,Pennsylvania,Northeast,-76.442003,41.029029,0,0
14260,"Boise City, ID Metro Area",690214,36.2,0.04,27789,19.18,0.65,0.95,0.87,0.9,0.32,0.78,0.65,1,1,27.4,0.022374997,0.020587748,28,42,14,21,433,6.5,0.45,19188,289,16,ID,Idaho,West,-116.412399,43.617577,0,0
14460,"Boston-Cambridge-Newton, MA-NH Metro Area",4794447,38.8,0.03,43044,206.37,0.69,0.95,0.9,0.9,0.5,0.87,0.79,12,0.95,355.9,0.015929324,0.016917838,587,124,85,18,4082,8.6,0.48,62653,132,25,MA,Massachusetts,Northeast,-71.106145,42.430164,5,1.06
14500,"Boulder, CO Metro Area",322226,36.4,0.1,41258,13.29,0.68,0.95,0.89,0.96,0.62,0.91,0.81,1,1.01,21.5,0.013733268,0.029422939,77,246,1,3,340,10.9,0.48,9558,305,8,CO,Colorado,West,-105.183938,40.063299,0,0
14540,"Bowling Green, KY Metro Area",174560,35,0.06,24197,4.22,0.62,0.95,0.8,0.87,0.27,0.83,0.63,0,0.98,5.9,0.023944002,0.021830812,5,30,0,0,107,6.5,0.46,172,10,21,KY,Kentucky,South,-86.411994,36.979645,0,0
14740,"Bremerton-Silverdale, WA Metro Area",264811,38.5,0.06,34035,9.01,0.61,0.95,0.9,0.89,0.31,0.9,0.81,0,1.03,9.1,0.007745936,0.003149739,3,12,0,0,167,6.6,0.43,7923,312,53,WA,Washington,West,-122.632773,47.613056,0,0
14860,"Bridgeport-Stamford-Norwalk, CT Metro Area",944177,40.4,0.03,52344,49.42,0.68,0.93,0.91,0.91,0.49,0.87,0.79,0,0.95,89.3,0.010033235,0.01839379,101,107,53,56,917,9.7,0.54,9721,103,9,CT,Connecticut,Northeast,-73.364439,41.207889,1,1.06
15180,"Brownsville-Harlingen, TX Metro Area",422135,31.5,0.01,15886,6.71,0.55,0.93,0.71,0.77,0.18,0.55,0.4,0,0.94,8.5,0.018362272,0.012787619,1,2,0,0,253,6,0.5,95,2,48,TX,Texas,South,-97.557094,26.045736,0,0
15260,"Brunswick, GA Metro Area",115737,42.1,0.03,25684,2.97,0.59,0.94,0.79,0.83,0.23,0.78,0.65,0,0.87,3.2,0.003335891,-0.003912192,2,17,0,0,100,8.7,0.48,77,7,13,GA,Georgia,South,-81.555633,31.23975,0,0
15380,"Buffalo-Cheektowaga-Niagara Falls, NY Metro Area",1132804,40.7,0.02,30777,34.86,0.61,0.95,0.86,0.85,0.34,0.81,0.68,1,0.94,50,0.010283675,0.007898045,56,49,8,7,939,8.3,0.46,4336,38,36,NY,New York,Northeast,-78.803923,42.936227,0,0
15500,"Burlington, NC Metro Area",159688,39.9,0.04,24888,3.97,0.63,0.95,0.83,0.83,0.23,0.79,0.64,0,0.91,4.5,-0.000516843,0.006829333,2,13,2,13,114,7.3,0.46,253,16,37,NC,North Carolina,South,-79.414201,36.071263,0,0
15540,"Burlington-South Burlington, VT Metro Area",217411,38.3,0.04,34511,7.5,0.69,0.96,0.9,0.9,0.45,0.86,0.77,1,0.98,11.7,0.01950651,0.010559558,15,69,0,0,203,9.4,0.44,6263,290,50,VT,Vermont,Northeast,-73.119038,44.57247,0,0
15680,"California-Lexington Park, MD Metro Area",112587,35.9,0.06,34694,3.91,0.66,0.97,0.9,0.87,0.26,0.78,0.64,0,0.96,5.4,0.022358404,0.004210911,5,45,0,0,66,6,0.4,0,0,24,MD,Maryland,South,-76.578976,38.307327,0,0
15940,"Canton-Massillon, OH Metro Area",401281,41.9,0.02,27479,11.03,0.63,0.94,0.87,0.87,0.25,0.83,0.68,0,0.95,16,0.009981531,0.039962821,8,20,3,7,273,6.8,0.44,2161,54,39,OH,Ohio,Midwest,-81.367724,40.820707,0,0
15980,"Cape Coral-Fort Myers, FL Metro Area",722336,48.2,0.06,29775,21.51,0.53,0.94,0.87,0.9,0.26,0.82,0.68,0,0.96,22.7,0.01554084,0.030427663,20,29,9,13,553,8.1,0.48,766,11,12,FL,Florida,South,-81.858159,26.574993,0,0
16020,"Cape Girardeau, MO-IL Metro Area",94806,37.5,0.05,26109,2.48,0.59,0.94,0.82,0.87,0.28,0.83,0.54,0,0.93,3.4,0.009058512,-0.005412329,0,0,0,0,80,8.2,0.46,86,9,29,MO,Missouri,Midwest,-89.629537,37.334373,0,0
16060,"Carbondale-Marion, IL Metro Area",126430,36.7,0.04,24232,3.06,0.56,0.93,0.81,0.82,0.31,0.77,0.52,1,1.01,4.4,0.015368343,0.00820542,1,8,0,0,97,7.7,0.49,0,0,17,IL,Illinois,Midwest,-89.117281,37.751925,0,0
16180,"Carson City, NV Metro Area",54742,41.5,0.07,26358,1.44,0.58,0.93,0.89,0.88,0.21,0.86,0.7,0,0.99,2.7,0.00250032,-0.004115366,1,18,0,0,51,9.4,0.45,70,13,32,NV,Nevada,West,-119.753712,39.166135,0,0
16220,"Casper, WY Metro Area",81039,36,0.03,30288,2.45,0.69,0.94,0.91,0.92,0.22,0.84,0.7,0,0.97,5.6,0.021758629,0.004087916,1,12,0,0,65,8,0.44,69,8,56,WY,Wyoming,West,-106.336867,42.844218,0,0
16300,"Cedar Rapids, IA Metro Area",267799,38.4,0.03,32957,8.83,0.69,0.97,0.9,0.91,0.35,0.82,0.69,0,0.99,16.6,0.030018975,0.012554554,22,83,5,19,198,7.5,0.43,2178,83,19,IA,Iowa,Midwest,-91.648766,42.025077,0,0
16540,"Chambersburg-Waynesboro, PA Metro Area",153851,41.8,0.03,30949,4.76,0.61,0.95,0.92,0.91,0.21,0.79,0.64,0,0.99,4.5,0.019621828,0.011683148,4,26,0,0,86,5.6,0.4,0,0,42,PA,Pennsylvania,Northeast,-77.656242,39.88274,0,0
16580,"Champaign-Urbana, IL Metro Area",239872,31.3,0.08,28804,6.91,0.63,0.96,0.82,0.91,0.45,0.82,0.69,1,0.98,9.7,0.01507594,0.006081064,8,34,0,0,187,7.9,0.49,1720,72,17,IL,Illinois,Midwest,-88.257269,40.143589,0,0
16620,"Charleston, WV Metro Area",219579,43.1,0.02,26346,5.79,0.54,0.93,0.81,0.82,0.24,0.74,0.64,0,0.93,12.4,0.00081416,-0.010733434,1,4,0,0,145,6.5,0.47,473,21,54,WV,West Virginia,South,-81.641093,38.332981,0,0
16700,"Charleston-North Charleston, SC Metro Area",761155,36.8,0.05,32045,24.39,0.64,0.95,0.87,0.89,0.36,0.8,0.66,0,0.95,32.5,0.029670558,0.027951211,48,66,0,0,608,8.4,0.47,1060,15,45,SC,South Carolina,South,-80.042555,32.92502,0,0
16740,"Charlotte-Concord-Gastonia, NC-SC Metro Area",2474314,37.4,0.04,31733,78.52,0.67,0.94,0.88,0.9,0.37,0.85,0.72,1,0.94,134.9,0.026699728,0.035215939,151,63,38,16,1643,6.9,0.48,4592,19,37,NC,North Carolina,South,-80.839252,35.244618,0,0
16820,"Charlottesville, VA Metro Area",229467,38.6,0.07,33886,7.78,0.61,0.96,0.88,0.95,0.45,0.81,0.62,1,0.93,10.9,0.025471335,0.018261154,13,57,0,0,226,10,0.48,1122,49,51,VA,Virginia,South,-78.500114,37.991825,0,0
16860,"Chattanooga, TN-GA Metro Area",551200,39.9,0.03,27568,15.2,0.59,0.95,0.86,0.87,0.28,0.78,0.61,0,0.96,21.7,0.006191051,0.009473438,18,33,2,4,367,6.7,0.46,728,13,47,TN,Tennessee,South,-85.248244,35.041153,0,0
16940,"Cheyenne, WY Metro Area",98136,36.4,0.04,29310,2.88,0.67,0.93,0.9,0.94,0.27,0.86,0.74,0,1.04,4.8,0.023052757,0.00602631,1,10,0,0,57,5.9,0.41,96,10,56,WY,Wyoming,West,-104.773195,41.153226,0,0
16980,"Chicago-Naperville-Elgin, IL-IN-WI Metro Area",9512968,37.2,0.02,34689,329.99,0.67,0.94,0.88,0.87,0.4,0.84,0.71,11,0.96,570.1,0.008759956,0.015712904,753,79,192,20,6372,6.7,0.48,46991,49,17,IL,Illinois,Midwest,-87.867975,41.872023,4,0.42
17020,"Chico, CA Metro Area",226864,38.1,0.06,25938,5.88,0.55,0.91,0.8,0.87,0.25,0.83,0.66,0,0.97,6.7,0.015794211,0.015201888,4,18,0,0,130,5.8,0.47,216,10,6,CA,California,West,-121.707783,39.669038,0,0
17140,"Cincinnati, OH-KY-IN Metro Area",2161441,37.8,0.03,32229,69.66,0.66,0.95,0.87,0.89,0.35,0.84,0.71,3,0.96,113.6,0.011321484,0.019665113,147,68,48,22,1427,6.6,0.46,13482,63,39,OH,Ohio,Midwest,-84.461753,39.190626,0,0
17300,"Clarksville, TN-KY Metro Area",282075,30.8,0.07,23295,6.57,0.63,0.93,0.85,0.87,0.23,0.78,0.64,0,1.02,9.9,0.027021947,0.010077971,1,4,0,0,164,5.9,0.43,137,5,47,TN,Tennessee,South,-87.415084,36.641518,0,0
17420,"Cleveland, TN Metro Area",123861,40.5,0.04,24032,2.98,0.58,0.96,0.87,0.86,0.22,0.75,0.55,0,0.94,4,0.013227316,0.036425097,0,0,0,0,60,5,0.48,132,11,47,TN,Tennessee,South,-84.816716,35.16015,0,0
17460,"Cleveland-Elyria, OH Metro Area",2055612,41.2,0.02,31321,64.38,0.64,0.93,0.85,0.85,0.33,0.81,0.69,2,0.93,115.4,0.006464889,0.013451605,169,82,54,26,1409,6.8,0.48,11295,55,39,OH,Ohio,Midwest,-81.692964,41.443568,0,0
17660,"Coeur d'Alene, ID Metro Area",154311,39.6,0.04,26709,4.12,0.59,0.94,0.84,0.87,0.26,0.84,0.65,0,0.98,4.7,0.028152579,0.017119353,8,54,0,0,122,8.3,0.44,255,17,16,ID,Idaho,West,-116.832578,47.73713,0,0
17780,"College Station-Bryan, TX Metro Area",254716,27.4,0.1,26025,6.63,0.62,0.95,0.76,0.92,0.36,0.8,0.63,1,1.03,8.3,0.030523673,0.029819807,6,25,0,0,134,5.5,0.51,798,33,48,TX,Texas,South,-96.370075,30.642468,0,0
17820,"Colorado Springs, CO Metro Area",712327,34.4,0.08,31194,22.22,0.68,0.94,0.89,0.9,0.39,0.91,0.77,0,1.03,27.2,0.01209188,0.009077365,28,41,0,0,428,6.2,0.44,3750,55,8,CO,Colorado,West,-104.7723,38.876197,0,0
17860,"Columbia, MO Metro Area",176594,30.6,0.08,29116,5.14,0.66,0.97,0.82,0.91,0.46,0.86,0.74,1,0.96,7.4,0.016828844,0.019963005,18,104,0,0,149,8.6,0.48,493,29,29,MO,Missouri,Midwest,-92.321502,38.959866,0,0
17900,"Columbia, SC Metro Area",816450,36.3,0.06,27645,22.57,0.64,0.94,0.85,0.86,0.34,0.8,0.65,1,0.95,34.2,0.015634817,0.015772651,23,29,3,4,501,6.3,0.45,1115,14,45,SC,South Carolina,South,-81.054802,34.041832,0,0
17980,"Columbus, GA-AL Metro Area",307816,34.7,0.08,24231,7.46,0.61,0.93,0.81,0.82,0.27,0.77,0.59,0,0.98,12.2,0.010945396,0.007719037,3,10,8,25,169,5.4,0.48,167,5,13,GA,Georgia,South,-84.937236,32.493254,0,0
18020,"Columbus, IN Metro Area",81402,37.5,0.03,29588,2.41,0.65,0.95,0.86,0.9,0.36,0.81,0.69,0,1.03,5.2,0.027752008,0.031185392,4,50,3,37,60,7.5,0.43,816,102,18,IN,Indiana,Midwest,-85.902784,39.216785,0,0
18140,"Columbus, OH Metro Area",2041520,35.8,0.03,31777,64.87,0.68,0.95,0.86,0.88,0.38,0.86,0.74,1,0.97,111.2,0.016483229,0.030740872,154,77,51,26,1174,5.9,0.46,6166,31,39,OH,Ohio,Midwest,-82.920378,40.001332,0,0
18580,"Corpus Christi, TX Metro Area",452790,35.5,0.05,25948,11.75,0.62,0.94,0.85,0.85,0.21,0.79,0.61,1,0.98,21,0.027342767,0.030871164,5,11,1,2,334,7.5,0.46,344,8,48,TX,Texas,South,-97.406075,27.782034,0,0
18700,"Corvallis, OR Metro Area",89385,32.5,0.11,30516,2.73,0.58,0.94,0.8,0.88,0.54,0.91,0.81,1,1,4.2,0.04200627,-0.049393716,4,46,0,0,69,8,0.48,3473,402,41,OR,Oregon,West,-123.278923,44.571182,0,0
18880,"Crestview-Fort Walton Beach-Destin, FL Metro Area",267059,39.2,0.07,31417,8.39,0.63,0.94,0.9,0.92,0.28,0.83,0.72,0,1.05,11.4,0.020093867,0.010219885,11,43,0,0,288,11.2,0.45,262,10,12,FL,Florida,South,-86.479239,30.552374,0,0
19060,"Cumberland, MD-WV Metro Area",99541,41.6,0.05,22014,2.19,0.52,0.91,0.84,0.85,0.17,0.78,0.64,0,1.08,2.7,0.006788837,-0.004637209,1,10,0,0,68,6.8,0.46,46,5,24,MD,Maryland,South,-78.84615,39.584383,0,0
19100,"Dallas-Fort Worth-Arlington, TX Metro Area",7232599,34.8,0.03,32156,232.57,0.68,0.96,0.87,0.9,0.35,0.85,0.68,8,0.97,448.9,0.028665852,0.040267936,567,82,113,16,4160,6,0.47,34900,50,48,TX,Texas,South,-96.95558,32.846177,0,0
19140,"Dalton, GA Metro Area",143904,36.2,0.03,21227,3.05,0.62,0.93,0.82,0.86,0.12,0.78,0.63,0,0.99,5.4,0.003026581,0.018360881,0,0,0,0,63,4.4,0.46,147,10,13,GA,Georgia,South,-84.917304,34.789841,0,0
19180,"Danville, IL Metro Area",78111,40.5,0.02,23570,1.84,0.52,0.95,0.79,0.83,0.14,0.77,0.49,0,1,2.4,0.000147013,-0.007555921,1,13,0,0,46,5.8,0.43,62,8,17,IL,Illinois,Midwest,-87.654819,40.149683,0,0
19300,"Daphne-Fairhope-Foley, AL Metro Area",208563,42.4,0.05,29977,6.25,0.56,0.96,0.89,0.92,0.29,0.78,0.57,0,0.94,6.1,0.028342832,0.017682218,4,20,0,0,211,10.5,0.46,0,0,1,AL,Alabama,South,-87.762466,30.548923,0,0
19340,"Davenport-Moline-Rock Island, IA-IL Metro Area",383352,39.1,0.02,28496,10.92,0.63,0.95,0.85,0.89,0.27,0.79,0.63,0,0.96,17.5,0.011327661,0.000617581,11,29,3,8,294,7.7,0.44,1079,28,17,IL,Illinois,Midwest,-90.490598,41.490778,0,0
19380,"Dayton, OH Metro Area",800683,39.5,0.04,29069,23.28,0.62,0.94,0.84,0.87,0.29,0.83,0.7,3,0.94,35,-0.000053,0.006881049,44,55,9,11,502,6.3,0.46,3649,46,39,OH,Ohio,Midwest,-84.168437,39.780733,0,0
19460,"Decatur, AL Metro Area",152256,41,0.03,23633,3.6,0.53,0.95,0.84,0.88,0.2,0.69,0.49,0,0.98,4.8,0.004646595,-0.007294665,3,20,0,0,77,5,0.45,176,11,1,AL,Alabama,South,-87.007087,34.520822,0,0
19500,"Decatur, IL Metro Area",106550,41.6,0.04,26729,2.85,0.6,0.91,0.83,0.79,0.22,0.81,0.66,0,0.92,5.4,0.002476272,-0.004500763,0,0,4,37,78,7.2,0.47,277,26,17,IL,Illinois,Midwest,-88.947074,39.851176,0,0
19660,"Deltona-Daytona Beach-Ormond Beach, FL Metro Area",637674,47.6,0.05,25964,16.56,0.51,0.94,0.87,0.87,0.23,0.77,0.61,0,0.95,13.5,0.003357663,0.002893929,6,10,0,0,487,8,0.46,944,15,12,FL,Florida,South,-81.140231,29.146641,0,0
19740,"Denver-Aurora-Lakewood, CO Metro Area",2853077,36.5,0.04,38106,108.72,0.71,0.96,0.91,0.93,0.43,0.89,0.78,5,1,178.4,0.021652477,0.032180078,345,125,49,18,2148,7.8,0.46,11484,42,8,CO,Colorado,West,-104.959472,39.703967,0,0
19780,"Des Moines-West Des Moines, IA Metro Area",634725,35.8,0.04,34043,21.61,0.72,0.96,0.9,0.88,0.39,0.86,0.7,0,0.97,41.4,0.026823461,0.028656086,35,57,10,16,449,7.3,0.44,2919,48,19,IA,Iowa,Midwest,-93.694793,41.601078,0,0
19820,"Detroit-Warren-Dearborn, MI Metro Area",4297617,40.1,0.02,31574,135.69,0.62,0.93,0.85,0.85,0.32,0.82,0.69,2,0.95,221.2,0.000243875,0.023213124,221,51,52,12,2913,6.8,0.47,37342,87,26,MI,Michigan,Midwest,-83.195596,42.500767,0,0
20020,"Dothan, AL Metro Area",147834,40.3,0.02,22851,3.38,0.55,0.93,0.81,0.84,0.18,0.71,0.51,0,0.93,4.6,0.009213775,0.001632194,1,7,1,7,93,6.3,0.48,66,4,1,AL,Alabama,South,-85.449825,31.216819,0,0
20100,"Dover, DE Metro Area",174827,37.5,0.05,25528,4.46,0.62,0.92,0.86,0.84,0.25,0.85,0.69,0,0.92,6.3,0.013772384,0.009594553,2,12,0,0,82,4.8,0.42,144,8,10,DE,Delaware,South,-75.558641,39.12322,0,0
20220,"Dubuque, IA Metro Area",97003,38,0.04,32588,3.16,0.7,0.95,0.89,0.91,0.31,0.84,0.65,0,0.98,5,0.024127964,0.022431502,1,10,0,0,81,8.4,0.42,408,42,19,IA,Iowa,Midwest,-90.759885,42.493726,0,0
20260,"Duluth, MN-WI Metro Area",279227,41.6,0.04,28421,7.94,0.62,0.96,0.86,0.88,0.26,0.78,0.55,0,1.02,11.1,0.010715626,0.007672355,7,25,2,7,247,8.8,0.44,316,11,27,MN,Minnesota,Midwest,-92.29416,46.957867,0,0
20500,"Durham-Chapel Hill, NC Metro Area",559535,37,0.07,33909,18.97,0.65,0.94,0.85,0.9,0.49,0.84,0.72,2,0.91,39.4,0.033034569,-0.002743008,41,76,4,7,375,6.9,0.49,6861,126,37,NC,North Carolina,South,-78.999292,35.985912,0,0
20700,"East Stroudsburg, PA Metro Area",166098,41.9,0.06,28115,4.67,0.6,0.93,0.89,0.89,0.26,0.83,0.7,0,0.98,5,0.007568419,-0.019795464,2,12,0,0,142,8.5,0.4,0,0,42,PA,Pennsylvania,Northeast,-75.308175,41.037308,0,0
20740,"Eau Claire, WI Metro Area",166614,36.6,0.04,27519,4.59,0.67,0.96,0.87,0.89,0.26,0.84,0.68,0,1.02,7.3,0.025331244,0.02393473,4,24,0,0,126,7.6,0.43,510,31,55,WI,Wisconsin,Midwest,-91.405559,44.866393,0,0
20940,"El Centro, CA Metro Area",180883,32.5,0.02,17180,3.11,0.53,0.86,0.75,0.79,0.15,0.75,0.61,0,1.05,5.2,0.025647137,0.015642666,1,6,0,0,74,4.1,0.46,40,2,6,CA,California,West,-115.534587,32.841102,0,0
21060,"Elizabethtown-Fort Knox, KY Metro Area",150447,38,0.09,25795,3.88,0.63,0.94,0.86,0.88,0.23,0.81,0.71,0,1,5.6,0.023483801,0.010430358,2,13,0,0,75,4.9,0.42,124,8,21,KY,Kentucky,South,-85.940136,37.76309,0,0
21140,"Elkhart-Goshen, IN Metro Area",203781,36.2,0.03,23630,4.82,0.67,0.94,0.86,0.91,0.19,0.77,0.6,0,0.98,12.8,0.031844971,0.045875841,9,45,0,0,114,5.6,0.42,713,35,18,IN,Indiana,Midwest,-85.906755,41.63768,0,0
21300,"Elmira, NY Metro Area",86322,41.5,0.04,27636,2.39,0.57,0.95,0.86,0.87,0.27,0.79,0.65,0,0.99,3,0.007480481,-0.005885425,0,0,0,0,68,7.7,0.46,934,106,36,NY,New York,Northeast,-76.813054,42.118263,0,0
21340,"El Paso, TX Metro Area",842114,32.1,0.03,19533,16.45,0.61,0.94,0.77,0.78,0.24,0.8,0.62,1,0.97,25.9,0.008407198,0.009379719,8,10,2,2,545,6.5,0.46,527,6,48,TX,Texas,South,-106.372834,31.780485,0,0
21500,"Erie, PA Metro Area",276207,39.2,0.03,25727,7.11,0.61,0.94,0.84,0.83,0.3,0.79,0.65,0,0.98,9.7,0.000354108,0.001947878,4,14,1,4,180,6.5,0.45,1217,44,42,PA,Pennsylvania,Northeast,-80.071687,42.068054,0,0
21660,"Eugene, OR Metro Area",369519,39.4,0.06,26418,9.76,0.59,0.93,0.81,0.78,0.28,0.84,0.7,1,0.97,12.8,0.017352412,0.019411918,11,31,5,14,317,8.8,0.47,1093,31,41,OR,Oregon,West,-123.117386,44.038338,0,0
21780,"Evansville, IN-KY Metro Area",315948,39.2,0.02,28359,8.96,0.65,0.96,0.85,0.9,0.26,0.79,0.64,0,0.96,15.3,0.00285653,-0.004438639,6,19,8,25,217,6.9,0.45,1080,34,18,IN,Indiana,Midwest,-87.538062,37.974352,0,0
21820,"Fairbanks, AK Metro Area",100605,30.6,0.08,31778,3.2,0.75,0.9,0.9,0.94,0.32,0.85,0.66,1,1.24,4.8,0.002457743,-0.008523741,2,20,0,0,68,6.8,0.4,74,7,2,AK,Alaska,West,-147.624384,64.831553,0,0
22020,"Fargo, ND-MN Metro Area",238124,32.5,0.03,32133,7.65,0.75,0.97,0.88,0.92,0.42,0.84,0.7,1,1.04,13.7,0.039048924,0.04258592,18,79,1,4,133,5.8,0.45,761,33,38,ND,North Dakota,Midwest,-96.808021,46.859798,0,0
22140,"Farmington, NM Metro Area",115079,36.3,0.03,24556,2.83,0.59,0.89,0.83,0.84,0.16,0.62,0.47,0,0.97,6.2,0.008489239,0.013148291,2,16,0,0,58,4.7,0.46,110,9,35,NM,New Mexico,West,-108.220504,36.72194,0,0
22180,"Fayetteville, NC Metro Area",380389,32,0.06,22584,8.59,0.63,0.9,0.81,0.82,0.25,0.82,0.68,0,0.97,15.3,0.014223888,-0.014134414,8,21,0,0,211,5.6,0.44,168,4,37,NC,North Carolina,South,-78.967022,35.047924,0,0
22220,"Fayetteville-Springdale-Rogers, AR-MO Metro Area",527153,33.8,0.04,27844,14.68,0.63,0.98,0.87,0.93,0.33,0.65,0.5,0,0.99,23.8,0.041978666,0.035927529,13,26,5,10,334,6.7,0.47,683,14,5,AR,Arkansas,South,-94.19716,36.23541,0,0
22380,"Flagstaff, AZ Metro Area",140908,30.9,0.14,23754,3.35,0.62,0.91,0.82,0.9,0.34,0.77,0.57,1,1,4.9,0.017874106,0.004548461,0,0,0,0,158,11.5,0.48,596,43,4,AZ,Arizona,West,-111.58947,35.514426,0,0
22420,"Flint, MI Metro Area",408615,39.9,0.03,24901,10.18,0.57,0.89,0.8,0.79,0.2,0.75,0.62,0,0.93,12.5,-0.004683918,0.011024444,1,2,0,0,232,5.6,0.45,1514,37,26,MI,Michigan,Midwest,-83.69473,43.006414,0,0
22500,"Florence, SC Metro Area",205976,39.6,0.02,23104,4.76,0.59,0.92,0.81,0.79,0.23,0.7,0.53,0,0.87,7.3,0.003612949,0.010324624,4,19,2,10,125,6,0.48,471,23,45,SC,South Carolina,South,-79.835461,34.175818,0,0
22520,"Florence-Muscle Shoals, AL Metro Area",146534,41.7,0.04,24171,3.54,0.55,0.94,0.84,0.89,0.23,0.73,0.52,0,0.96,4.3,0.014351244,0.01758881,2,14,0,0,102,6.9,0.45,121,8,1,AL,Alabama,South,-87.637013,34.813358,0,0
22540,"Fond du Lac, WI Metro Area",102144,41,0.02,28890,2.95,0.67,0.97,0.93,0.9,0.26,0.82,0.66,0,0.95,4.1,0.008313823,0.021027217,3,29,0,0,85,8.4,0.41,388,38,55,WI,Wisconsin,Midwest,-88.486927,43.76493,0,0
22660,"Fort Collins, CO Metro Area",339993,35.9,0.09,33117,11.26,0.67,0.95,0.89,0.93,0.47,0.89,0.76,1,1.01,14.1,0.025173319,0.038598403,27,83,1,3,282,8.7,0.45,6146,190,8,CO,Colorado,West,-105.09919,40.504547,0,0
22900,"Fort Smith, AR-OK Metro Area",281227,38.8,0.02,20978,5.9,0.56,0.94,0.82,0.83,0.14,0.73,0.51,0,0.96,9.7,0.011955703,0.00539902,2,7,6,21,171,6.1,0.47,162,6,5,AR,Arkansas,South,-94.447657,35.334302,0,0
23060,"Fort Wayne, IN Metro Area",431802,36.6,0.03,26687,11.52,0.65,0.95,0.86,0.89,0.28,0.83,0.68,0,0.96,19.3,0.010976895,0.016617935,16,37,1,2,300,7,0.44,2022,47,18,IN,Indiana,Midwest,-85.15558,41.082034,0,0
23420,"Fresno, CA Metro Area",979915,32.1,0.02,22518,22.07,0.6,0.9,0.74,0.78,0.2,0.8,0.62,1,1,34,0.021513235,0.014251547,17,18,0,0,491,5.1,0.47,744,8,6,CA,California,West,-119.767821,36.738919,0,0
23460,"Gadsden, AL Metro Area",102564,41.2,0.03,22117,2.27,0.53,0.94,0.83,0.86,0.16,0.75,0.55,0,0.95,2.6,0.003273152,-0.000461965,2,19,0,0,55,5.3,0.44,58,6,1,AL,Alabama,South,-86.025408,34.013693,0,0
23540,"Gainesville, FL Metro Area",281796,31.9,0.06,24867,7.01,0.57,0.95,0.77,0.88,0.38,0.82,0.7,1,0.93,10.8,0.016861583,0.004786531,14,51,0,0,202,7.4,0.52,1830,67,12,FL,Florida,South,-82.41387,29.668386,0,0
23580,"Gainesville, GA Metro Area",196637,36.5,0.04,23776,4.68,0.63,0.97,0.87,0.87,0.2,0.85,0.64,0,0.98,7.6,0.012686649,0.032821059,5,26,0,0,107,5.6,0.46,338,18,13,GA,Georgia,South,-83.844688,34.275206,0,0
23900,"Gettysburg, PA Metro Area",102180,44.2,0.06,28404,2.9,0.63,0.94,0.9,0.91,0.22,0.81,0.65,0,0.97,2.7,0.010618249,0.003443969,1,10,0,0,73,7.2,0.4,0,0,42,PA,Pennsylvania,Northeast,-77.158635,39.851864,0,0
24020,"Glens Falls, NY Metro Area",126367,45.6,0.03,30426,3.84,0.61,0.95,0.9,0.87,0.24,0.81,0.65,0,1.01,4.2,0.01288879,0.000665463,2,16,0,0,198,15.5,0.43,310,24,36,NY,New York,Northeast,-73.589167,43.344655,0,0
24140,"Goldsboro, NC Metro Area",124150,37.3,0.05,23240,2.89,0.57,0.9,0.78,0.8,0.18,0.78,0.62,0,0.95,4,0.004543109,-0.000404367,0,0,0,0,66,5.3,0.45,38,3,37,NC,North Carolina,South,-77.988446,35.370731,0,0
24220,"Grand Forks, ND-MN Metro Area",102743,31.4,0.05,27226,2.8,0.71,0.96,0.83,0.91,0.32,0.79,0.67,1,1.06,4.4,0.021516684,0.022019352,1,10,0,0,72,7.1,0.47,190,19,38,ND,North Dakota,Midwest,-96.938378,47.866825,0,0
24260,"Grand Island, NE Metro Area",85584,37.1,0.03,28250,2.42,0.69,0.95,0.89,0.88,0.2,0.81,0.61,0,1,3.5,0.022071775,0.009355569,2,24,0,0,66,7.8,0.43,0,0,31,NE,Nebraska,Midwest,-98.31425,40.953148,0,0
24300,"Grand Junction, CO Metro Area",150083,39.8,0.04,24963,3.75,0.63,0.91,0.84,0.87,0.22,0.88,0.73,0,0.98,4.9,0.019546435,0.00577001,6,40,0,0,98,6.6,0.45,208,14,8,CO,Colorado,West,-108.54378,39.092852,0,0
24340,"Grand Rapids-Wyoming, MI Metro Area",1047099,35.7,0.03,29007,30.37,0.67,0.96,0.89,0.89,0.33,0.86,0.7,0,0.98,48.5,0.011543512,0.033717535,55,54,17,17,612,6,0.44,5092,50,26,MI,Michigan,Midwest,-85.686275,42.949149,0,0
24420,"Grants Pass, OR Metro Area",85904,47.1,0.07,21466,1.84,0.48,0.89,0.82,0.75,0.17,0.79,0.55,0,0.91,1.8,0.012328406,0.006359281,1,12,0,0,72,8.6,0.47,0,0,41,OR,Oregon,West,-123.386702,42.404127,0,0
24500,"Great Falls, MT Metro Area",81755,38.6,0.05,26619,2.18,0.63,0.94,0.85,0.88,0.25,0.74,0.58,0,1.03,3.1,0.012491495,0.007290368,1,12,0,0,65,7.9,0.45,42,5,30,MT,Montana,West,-111.306255,47.491839,0,0
24540,"Greeley, CO Metro Area",294932,34.3,0.08,28833,8.5,0.66,0.96,0.88,0.91,0.27,0.85,0.69,1,1.01,9.5,0.027621833,0.05215707,6,22,2,7,141,5.1,0.42,3668,132,8,CO,Colorado,West,-104.788372,40.328083,0,0
24580,"Green Bay, WI Metro Area",318236,38.7,0.04,30304,9.64,0.69,0.97,0.91,0.91,0.28,0.83,0.68,0,1.01,16.7,0.011684273,0.01911566,9,29,7,22,288,9.2,0.43,580,18,55,WI,Wisconsin,Midwest,-88.016456,44.548513,0,0
24660,"Greensboro-High Point, NC Metro Area",756139,39,0.04,26072,19.71,0.61,0.94,0.82,0.84,0.3,0.73,0.61,2,0.92,34.8,0.00546052,0.006242909,31,42,7,9,563,7.5,0.47,2000,27,37,NC,North Carolina,South,-79.835832,36.050277,0,0
24780,"Greenville, NC Metro Area",177220,32.1,0.08,25562,4.53,0.63,0.92,0.78,0.85,0.33,0.83,0.62,1,0.89,6.5,0.016155731,0.01091179,3,17,0,0,123,7,0.5,293,17,37,NC,North Carolina,South,-77.381184,35.579171,0,0
24860,"Greenville-Anderson-Mauldin, SC Metro Area",884975,38.5,0.04,27571,24.4,0.62,0.95,0.87,0.88,0.3,0.79,0.65,1,0.95,34.3,0.010438828,0.019554146,42,49,4,5,676,7.8,0.47,4235,49,45,SC,South Carolina,South,-82.425521,34.748564,0,0
25060,"Gulfport-Biloxi-Pascagoula, MS Metro Area",391266,37.3,0.04,24151,9.45,0.62,0.91,0.81,0.85,0.22,0.76,0.57,0,0.94,14.6,0.007197965,-0.004858715,2,5,0,0,278,7.2,0.45,333,9,28,MS,Mississippi,South,-88.952448,30.430909,0,0
25180,"Hagerstown-Martinsburg, MD-WV Metro Area",263817,39.5,0.05,28508,7.52,0.61,0.94,0.86,0.86,0.21,0.82,0.65,0,1,8,0.011946088,0.009016519,8,31,3,12,134,5.2,0.43,244,9,24,MD,Maryland,South,-77.835331,39.551123,0,0
25220,"Hammond, LA Metro Area",130710,35.9,0.03,24270,3.17,0.6,0.92,0.8,0.76,0.21,0.81,0.59,0,0.95,3.2,0.028166148,-0.019003035,1,8,0,0,85,6.7,0.47,0,0,22,LA,Louisiana,South,-90.455523,30.571612,0,0
25260,"Hanford-Corcoran, CA Metro Area",149785,31.8,0.07,20471,3.07,0.58,0.93,0.84,0.82,0.11,0.8,0.62,0,1.22,4.8,0.02293185,0.028902739,1,7,0,0,43,2.9,0.45,42,3,6,CA,California,West,-119.728977,36.24275,0,0
25420,"Harrisburg-Carlisle, PA Metro Area",568033,40.1,0.05,32611,18.52,0.64,0.96,0.91,0.9,0.35,0.84,0.71,0,0.96,30.4,0.008557272,0.010492638,28,50,10,18,407,7.3,0.43,1945,35,42,PA,Pennsylvania,Northeast,-76.956084,40.271759,0,0
25500,"Harrisonburg, VA Metro Area",132822,33.5,0.1,26091,3.47,0.62,0.95,0.82,0.91,0.31,0.79,0.58,0,0.97,6.5,0.0070031,-0.010480551,1,8,0,0,105,8,0.45,102,8,51,VA,Virginia,South,-78.849569,38.449296,0,0
25540,"Hartford-West Hartford-East Hartford, CT Metro Area",1206836,40.9,0.03,38272,46.19,0.66,0.94,0.9,0.85,0.41,0.83,0.73,2,0.96,77.4,0.005445569,-0.00962147,53,44,26,21,1072,8.8,0.46,8938,74,9,CT,Connecticut,Northeast,-72.653838,41.733397,0,0
25620,"Hattiesburg, MS Metro Area",148803,33.9,0.04,26178,3.9,0.63,0.92,0.8,0.87,0.3,0.78,0.53,1,0.85,5,0.019989474,0.006925982,1,7,0,0,106,7.1,0.49,119,8,28,MS,Mississippi,South,-89.321286,31.287587,0,0
25860,"Hickory-Lenoir-Morganton, NC Metro Area",364187,43,0.04,23451,8.54,0.59,0.92,0.84,0.85,0.18,0.77,0.6,0,0.99,11.7,-0.00569446,0.002611724,2,6,3,8,239,6.6,0.45,1177,32,37,NC,North Carolina,South,-81.396558,35.764448,0,0
25940,"Hilton Head Island-Bluffton-Beaufort, SC Metro Area",211614,43.2,0.06,34264,7.25,0.57,0.94,0.9,0.94,0.3,0.83,0.7,0,0.95,7.1,0.003231033,-0.004877876,0,0,0,0,274,13.5,0.47,0,0,45,SC,South Carolina,South,-80.80344,32.337396,0,0
25980,"Hinesville, GA Metro Area",82687,27.9,0.09,20758,1.72,0.61,0.87,0.86,0.87,0.17,0.84,0.73,0,0.99,3.1,0.020761298,-0.012820745,0,0,0,0,27,3.3,0.41,10,1,13,GA,Georgia,South,-81.607303,31.818678,0,0
26140,"Homosassa Springs, FL Metro Area",143621,56.4,0.06,24615,3.54,0.4,0.89,0.83,0.88,0.18,0.81,0.66,0,0.93,2.7,-0.000848411,-0.03875768,0,0,0,0,86,6.2,0.46,0,0,12,FL,Florida,South,-82.453527,28.863598,0,0
26300,"Hot Springs, AR Metro Area",97477,44,0.04,24263,2.37,0.59,0.92,0.81,0.89,0.18,0.8,0.54,0,0.93,3,0.015790813,0.022418755,2,21,0,0,107,11,0.49,84,9,5,AR,Arkansas,South,-93.081833,34.505811,0,0
26380,"Houma-Thibodaux, LA Metro Area",211525,36.7,0.03,24529,5.19,0.58,0.94,0.79,0.87,0.17,0.75,0.64,0,0.97,10.5,0.022319791,-0.002040486,6,28,0,0,116,5.5,0.45,318,15,22,LA,Louisiana,South,-90.672802,29.633148,0,0
26420,"Houston-The Woodlands-Sugar Land, TX Metro Area",6772470,34.2,0.03,31863,215.79,0.67,0.94,0.85,0.88,0.32,0.84,0.67,4,0.99,471.3,0.029521678,0.044674886,406,63,165,25,3628,5.6,0.49,32197,50,48,TX,Texas,South,-95.42145,29.782985,0,0
26580,"Huntington-Ashland, WV-KY-OH Metro Area",359588,41.6,0.03,23319,8.39,0.52,0.94,0.81,0.81,0.21,0.75,0.62,0,0.96,13.2,0.016772443,0.016797996,3,8,0,0,159,4.4,0.48,186,5,54,WV,West Virginia,South,-82.404483,38.424721,0,0
26620,"Huntsville, AL Metro Area",449720,38.8,0.05,33227,14.94,0.63,0.95,0.86,0.89,0.39,0.84,0.69,1,0.98,22,0.031057485,0.008921238,64,145,0,0,265,6,0.47,2368,54,1,AL,Alabama,South,-86.677824,34.760114,0,0
26820,"Idaho Falls, ID Metro Area",143776,32.9,0.04,26102,3.75,0.64,0.97,0.89,0.9,0.32,0.89,0.69,0,1.02,5.2,0.023266408,0.006402673,7,51,0,0,103,7.4,0.44,726,53,16,ID,Idaho,West,-112.020256,43.537801,0,0
26900,"Indianapolis-Carmel-Anderson, IN Metro Area",2001737,36.3,0.03,31186,62.43,0.67,0.95,0.87,0.9,0.36,0.83,0.66,1,0.95,118.3,0.015544897,0.014055425,138,70,31,16,1299,6.6,0.46,8519,43,18,IN,Indiana,Midwest,-86.127367,39.809311,0,0
26980,"Iowa City, IA Metro Area",168828,30.7,0.07,29811,5.03,0.7,0.97,0.82,0.92,0.51,0.88,0.74,1,0.98,8.4,0.019889296,0.0263437,4,24,0,0,160,9.7,0.48,944,57,19,IA,Iowa,Midwest,-91.577839,41.634554,0,0
27060,"Ithaca, NY Metro Area",104871,30.6,0.11,28013,2.94,0.6,0.95,0.8,0.89,0.53,0.88,0.79,1,0.97,4.3,0.012010059,0.002498146,5,48,0,0,106,10.1,0.5,1638,156,36,NY,New York,Northeast,-76.4774,42.460259,0,0
27100,"Jackson, MI Metro Area",158460,41.2,0.03,26136,4.14,0.57,0.94,0.87,0.88,0.23,0.8,0.61,0,1.04,5.2,0.001520675,0.009487274,0,0,0,0,94,5.9,0.44,406,25,26,MI,Michigan,Midwest,-84.406378,42.241314,0,0
27140,"Jackson, MS Metro Area",580178,36,0.02,26783,15.54,0.63,0.92,0.84,0.86,0.29,0.78,0.55,1,0.92,26.1,0.01667704,0.009772867,22,38,0,0,271,4.7,0.48,415,7,28,MS,Mississippi,South,-90.166716,32.318118,0,0
27180,"Jackson, TN Metro Area",129527,37.9,0.02,22905,2.97,0.54,0.94,0.82,0.82,0.19,0.75,0.64,1,0.92,5.4,0.009701929,0.016278501,2,15,0,0,88,6.8,0.47,337,26,47,TN,Tennessee,South,-88.829898,35.637569,0,0
27260,"Jacksonville, FL Metro Area",1478212,38.3,0.05,30337,44.84,0.63,0.95,0.88,0.88,0.31,0.84,0.7,0,0.95,60.3,0.013830632,0.012795099,90,63,17,12,1044,7.4,0.47,2167,15,12,FL,Florida,South,-81.632123,30.240552,1,0.7
27340,"Jacksonville, NC Metro Area",187136,26.6,0.15,21489,4.02,0.69,0.9,0.87,0.87,0.2,0.86,0.74,0,1.17,7.1,0.025014787,-0.01298932,1,5,0,0,97,5.2,0.41,48,3,37,NC,North Carolina,South,-77.400646,34.741546,0,0
27500,"Janesville-Beloit, WI Metro Area",161620,40.1,0.03,26730,4.32,0.65,0.95,0.87,0.84,0.23,0.8,0.64,0,0.97,5.4,0.006704367,0.019384972,6,37,2,12,123,7.6,0.42,444,28,55,WI,Wisconsin,Midwest,-89.037424,42.651893,0,0
27620,"Jefferson City, MO Metro Area",148915,39.2,0.04,25710,3.83,0.61,0.96,0.91,0.91,0.29,0.68,0.51,0,1.06,6,0.004666874,-0.004447549,3,20,0,0,109,7.2,0.41,75,5,29,MO,Missouri,Midwest,-92.162319,38.625172,0,0
27740,"Johnson City, TN Metro Area",200449,42.3,0.03,24202,4.85,0.57,0.95,0.83,0.82,0.28,0.75,0.6,1,0.98,5.9,0.014747473,0.007169193,1,5,0,0,138,6.9,0.49,396,20,47,TN,Tennessee,South,-82.363737,36.30668,0,0
27780,"Johnstown, PA Metro Area",134732,45.1,0.03,24592,3.31,0.55,0.92,0.84,0.85,0.24,0.75,0.63,0,0.96,3.7,-0.006411816,-0.01842371,1,7,0,0,90,6.5,0.45,133,10,42,PA,Pennsylvania,Northeast,-78.800021,40.406479,0,0
27860,"Jonesboro, AR Metro Area",129858,35.3,0.03,24086,3.13,0.61,0.91,0.82,0.84,0.21,0.78,0.54,0,0.97,4.3,0.016597272,0.005064389,3,24,0,0,84,6.6,0.47,122,10,5,AR,Arkansas,South,-90.646712,35.787842,0,0
27900,"Joplin, MO Metro Area",177805,37,0.02,24596,4.37,0.63,0.94,0.83,0.85,0.22,0.77,0.52,0,0.95,6,0.009714818,-0.001864939,3,17,2,11,129,7.3,0.45,353,20,29,MO,Missouri,Midwest,-94.432817,37.060392,0,0
27980,"Kahului-Wailuku-Lahaina, HI Metro Area",165474,41.1,0.04,33045,5.47,0.67,0.96,0.92,0.87,0.23,0.84,0.77,0,0.99,7,0.016709,0.010104542,3,18,0,0,185,11.3,0.44,0,0,15,HI,Hawaii,West,-156.494163,20.863936,0,0
28020,"Kalamazoo-Portage, MI Metro Area",336877,36.4,0.06,28801,9.7,0.65,0.95,0.83,0.87,0.34,0.83,0.67,1,0.96,13.2,0.007273198,0.008524401,13,39,1,3,243,7.3,0.46,1484,44,26,MI,Michigan,Midwest,-85.684156,42.26283,0,0
28100,"Kankakee, IL Metro Area",110008,38.2,0.03,25385,2.79,0.6,0.96,0.86,0.82,0.21,0.79,0.66,0,0.96,3.4,0.007624528,0.009782109,0,0,0,0,63,5.7,0.42,190,17,17,IL,Illinois,Midwest,-87.850856,41.148582,0,0
28140,"Kansas City, MO-KS Metro Area",2104115,37.4,0.03,32849,69.12,0.69,0.95,0.89,0.92,0.39,0.84,0.69,1,0.96,112.9,0.012945309,0.012022243,132,64,33,16,1402,6.8,0.46,7952,38,29,MO,Missouri,Midwest,-94.569586,39.025787,0,0
28420,"Kennewick-Richland, WA Metro Area",283846,33.6,0.04,27633,7.84,0.63,0.94,0.88,0.86,0.26,0.85,0.69,0,1.01,10.5,0.02345478,-0.00795621,8,29,0,0,158,5.8,0.43,1079,39,53,WA,Washington,West,-119.227719,46.25221,0,0
28660,"Killeen-Temple, TX Metro Area",435887,31.7,0.08,24806,10.81,0.64,0.92,0.87,0.87,0.21,0.84,0.65,0,1.01,14.9,0.025579361,0.001615626,3,7,0,0,227,5.3,0.43,230,5,48,TX,Texas,South,-97.66156,31.113762,0,0
28700,"Kingsport-Bristol-Bristol, TN-VA Metro Area",307723,45.1,0.04,24102,7.42,0.53,0.94,0.82,0.84,0.2,0.73,0.61,0,0.95,10.4,0.004786244,0.005048094,9,29,11,36,204,6.6,0.46,1319,43,47,TN,Tennessee,South,-82.409817,36.565404,0,0
28740,"Kingston, NY Metro Area",179225,44.1,0.05,33190,5.95,0.61,0.94,0.86,0.9,0.32,0.86,0.76,0,1,5.1,0.009644815,-0.002554563,2,11,0,0,243,13.5,0.46,1173,65,36,NY,New York,Northeast,-74.100651,41.841064,0,0
28940,"Knoxville, TN Metro Area",869076,40.6,0.03,27731,24.1,0.6,0.95,0.86,0.86,0.3,0.8,0.65,1,0.96,35.3,0.01820414,0.016082668,41,48,10,12,526,6.1,0.47,2741,32,47,TN,Tennessee,South,-84.058862,35.970057,0,0
29020,"Kokomo, IN Metro Area",82568,41.4,0.05,26636,2.2,0.58,0.95,0.85,0.85,0.21,0.81,0.64,0,0.95,4.1,0.014979056,0.020653257,0,0,0,0,53,6.4,0.44,813,98,18,IN,Indiana,Midwest,-86.132956,40.470705,0,0
29100,"La Crosse-Onalaska, WI-MN Metro Area",136936,36.7,0.04,29201,4,0.68,0.95,0.87,0.9,0.36,0.84,0.73,0,0.94,6.3,0.016558452,0.01285325,5,37,0,0,118,8.6,0.44,312,23,55,WI,Wisconsin,Midwest,-91.241389,43.838518,0,0
29180,"Lafayette, LA Metro Area",491528,35.6,0.02,24954,12.27,0.62,0.92,0.8,0.83,0.23,0.8,0.63,1,0.94,22.9,0.011294237,-0.008445787,17,35,0,0,288,5.9,0.49,815,17,22,LA,Louisiana,South,-92.039766,30.15819,0,0
29200,"Lafayette-West Lafayette, IN Metro Area",217439,29.5,0.07,26039,5.66,0.64,0.96,0.82,0.91,0.36,0.83,0.69,1,1.04,8.8,0.017153364,0.012547086,2,9,0,0,140,6.6,0.46,1610,76,18,IN,Indiana,Midwest,-86.876079,40.440868,0,0
29340,"Lake Charles, LA Metro Area",207432,36.4,0.02,24355,5.05,0.59,0.93,0.79,0.86,0.19,0.71,0.6,0,0.96,12.4,0.013996276,-0.002136943,2,10,0,0,91,4.5,0.47,166,8,22,LA,Louisiana,South,-93.259809,30.218252,0,0
29420,"Lake Havasu City-Kingman, AZ Metro Area",205249,50.6,0.07,24529,5.03,0.45,0.9,0.82,0.84,0.11,0.82,0.63,0,1.01,3.5,0.008128593,-0.007640963,2,10,0,0,131,6.4,0.44,129,6,4,AZ,Arizona,West,-114.248147,35.069679,0,0
29460,"Lakeland-Winter Haven, FL Metro Area",666149,40.2,0.06,22933,15.28,0.55,0.94,0.84,0.85,0.2,0.65,0.53,0,0.96,17.1,0.011285129,-0.00142489,9,14,1,2,288,4.5,0.43,546,9,12,FL,Florida,South,-81.799985,28.03114,0,0
29540,"Lancaster, PA Metro Area",538500,38.2,0.04,29740,16.01,0.66,0.96,0.89,0.91,0.27,0.79,0.68,0,0.96,23.3,0.014403311,0.024348149,34,64,1,2,314,5.9,0.42,1808,34,42,PA,Pennsylvania,Northeast,-76.290871,40.073653,0,0
29620,"Lansing-East Lansing, MI Metro Area",475099,35.3,0.05,28161,13.38,0.64,0.93,0.83,0.89,0.35,0.83,0.67,1,0.95,18.7,-0.0000229,-0.004697268,13,28,1,2,311,6.6,0.45,1237,26,26,MI,Michigan,Midwest,-84.557412,42.711307,0,0
29700,"Laredo, TX Metro Area",271193,28.1,0.01,15686,4.25,0.56,0.95,0.67,0.73,0.18,0.59,0.52,0,0.94,6.9,0.02336811,0.026385008,5,19,0,0,122,4.6,0.48,28,1,48,TX,Texas,South,-99.476354,27.520331,0,0
29740,"Las Cruces, NM Metro Area",214207,33.5,0.05,20291,4.35,0.58,0.91,0.73,0.78,0.26,0.72,0.57,1,0.97,5.6,0.022399961,-0.016338916,1,5,0,0,117,5.5,0.48,194,9,35,NM,New Mexico,West,-106.728879,32.247295,0,0
29820,"Las Vegas-Henderson-Paradise, NV Metro Area",2155664,37,0.04,27295,58.84,0.64,0.93,0.86,0.86,0.23,0.81,0.67,1,1,91.9,0.018779649,0.016981058,91,44,25,12,1177,5.7,0.45,3799,18,32,NV,Nevada,West,-115.149912,36.143366,0,0
29940,"Lawrence, KS Metro Area",119440,30,0.1,28581,3.41,0.71,0.96,0.83,0.93,0.54,0.84,0.71,1,0.99,3.7,0.006399257,0.004214879,3,26,0,0,86,7.4,0.48,424,36,20,KS,Kansas,Midwest,-95.251352,38.941783,0,0
30020,"Lawton, OK Metro Area",127762,33.7,0.1,25782,3.29,0.63,0.93,0.85,0.84,0.2,0.86,0.61,0,1.09,4.4,0.015846412,-0.005576062,1,8,0,0,67,5.1,0.45,38,3,40,OK,Oklahoma,South,-98.417379,34.613937,0,0
30140,"Lebanon, PA Metro Area",138863,41.2,0.03,27449,3.81,0.64,0.94,0.91,0.89,0.22,0.82,0.67,0,0.95,4.1,0.013869327,0.001269721,3,22,0,0,66,4.8,0.4,204,15,42,PA,Pennsylvania,Northeast,-76.442878,40.341616,0,0
30300,"Lewiston, ID-WA Metro Area",62675,43.9,0.04,24579,1.54,0.57,0.95,0.84,0.85,0.2,0.79,0.6,0,0.95,1.9,0.003291358,-0.000619004,0,0,0,0,42,6.8,0.42,38,6,16,ID,Idaho,West,-116.991924,46.392113,0,0
30340,"Lewiston-Auburn, ME Metro Area",107319,40.4,0.05,25879,2.78,0.65,0.96,0.88,0.83,0.24,0.82,0.73,0,0.95,3.7,0.006112482,-0.003748432,5,47,0,0,79,7.4,0.43,79,7,23,ME,Maine,Northeast,-70.20132,44.119069,0,0
30460,"Lexington-Fayette, KY Metro Area",506751,35.9,0.04,30657,15.54,0.67,0.94,0.83,0.88,0.39,0.84,0.69,1,0.95,25.8,0.018036344,0.019825113,13,26,2,4,359,7.3,0.48,2945,60,21,KY,Kentucky,South,-84.491215,38.034363,0,0
30620,"Lima, OH Metro Area",103742,38.2,0.03,24640,2.56,0.63,0.93,0.85,0.84,0.17,0.78,0.63,0,0.98,5.2,0.009793028,0.018101062,0,0,0,0,58,5.5,0.45,89,8,39,OH,Ohio,Midwest,-84.121914,40.757676,0,0
30700,"Lincoln, NE Metro Area",326591,33.2,0.04,30371,9.92,0.72,0.97,0.88,0.91,0.41,0.86,0.73,1,1.01,16.6,0.020065956,0.029287195,14,44,1,3,189,5.9,0.45,986,31,31,NE,Nebraska,Midwest,-96.697533,40.80508,0,0
30780,"Little Rock-North Little Rock-Conway, AR Metro Area",734381,36.7,0.02,28395,20.85,0.62,0.96,0.84,0.9,0.32,0.79,0.58,2,0.95,35.5,0.021118446,0.015578484,15,21,6,8,508,7,0.46,796,11,5,AR,Arkansas,South,-92.338945,34.80404,0,0
30860,"Logan, UT-ID Metro Area",135439,25.6,0.06,22891,3.1,0.69,0.97,0.88,0.93,0.37,0.88,0.69,1,0.98,4,0.035909868,0.01890109,6,46,0,0,41,3.1,0.42,829,63,49,UT,Utah,West,-111.84383,41.780518,0,0
30980,"Longview, TX Metro Area",217446,36.5,0.04,23991,5.22,0.58,0.93,0.84,0.86,0.18,0.75,0.45,0,1.01,10.5,0.029577356,0.008504163,3,14,0,0,139,6.4,0.45,301,14,48,TX,Texas,South,-94.817451,32.459029,0,0
31020,"Longview, WA Metro Area",105160,42.4,0.05,25673,2.7,0.55,0.91,0.83,0.77,0.16,0.82,0.63,0,0.94,3.3,0.008367568,0.010461493,1,10,0,0,65,6.4,0.43,140,14,53,WA,Washington,West,-122.900056,46.137731,0,0
31080,"Los Angeles-Long Beach-Anaheim, CA Metro Area",13310447,36.6,0.02,32594,433.84,0.65,0.94,0.85,0.92,0.34,0.85,0.72,12,0.97,838.1,0.019005014,0.021571826,965,73,114,9,9681,7.3,0.5,74568,56,6,CA,California,West,-118.154817,33.987469,4,0.3
31140,"Louisville/Jefferson County, KY-IN Metro Area",1283297,38.9,0.02,30388,39,0.65,0.95,0.87,0.9,0.3,0.83,0.68,2,0.95,63.1,0.013446159,0.018576664,100,79,11,9,758,6,0.46,2589,20,21,KY,Kentucky,South,-85.685718,38.245258,0,0
31180,"Lubbock, TX Metro Area",313910,30.8,0.06,25664,8.06,0.63,0.96,0.8,0.85,0.31,0.79,0.66,1,0.97,11.6,0.025595492,0.023567824,3,10,0,0,168,5.5,0.48,373,12,48,TX,Texas,South,-101.875148,33.551238,0,0
31340,"Lynchburg, VA Metro Area",261167,40.3,0.07,25625,6.69,0.6,0.95,0.87,0.89,0.3,0.75,0.51,1,0.91,8.3,0.003923279,-0.007618992,2,8,0,0,175,6.8,0.45,505,20,51,VA,Virginia,South,-79.243966,37.355622,0,0
31420,"Macon, GA Metro Area",226998,38.9,0.04,23754,5.39,0.55,0.95,0.78,0.83,0.26,0.75,0.63,1,0.92,8.3,-0.004660938,0.012371386,4,17,0,0,146,6.3,0.5,242,11,13,GA,Georgia,South,-83.697542,32.859805,0,0
31460,"Madera, CA Metro Area",154697,33.6,0.04,20987,3.25,0.54,0.89,0.8,0.83,0.11,0.76,0.52,0,0.93,4.4,0.036600405,0.037474899,1,6,0,0,53,3.4,0.45,125,8,6,CA,California,West,-120.006567,37.043099,0,0
31540,"Madison, WI Metro Area",648929,36,0.04,36755,23.85,0.72,0.97,0.89,0.91,0.49,0.87,0.75,2,0.99,41.9,0.025464631,0.025289194,41,65,9,14,562,8.9,0.44,5187,82,55,WI,Wisconsin,Midwest,-89.431144,43.082533,0,0
31700,"Manchester-Nashua, NH Metro Area",407761,40.4,0.05,36579,14.92,0.7,0.97,0.92,0.92,0.39,0.89,0.79,0,1,23.1,0.020280891,0.016033466,35,86,4,10,329,8.1,0.43,4893,121,33,NH,New Hampshire,Northeast,-71.532984,42.87989,0,0
31740,"Manhattan, KS Metro Area",97004,26.7,0.09,26951,2.61,0.68,0.94,0.84,0.98,0.44,0.86,0.73,1,1.12,3,0.0181448,0.007057571,5,51,0,0,58,5.9,0.46,305,31,20,KS,Kansas,Midwest,-96.559169,39.205551,0,0
31860,"Mankato-North Mankato, MN Metro Area",100016,32.4,0.07,27822,2.78,0.72,0.94,0.87,0.91,0.35,0.85,0.72,0,1.01,4.4,0.023168425,0.026345417,1,10,0,0,72,7.3,0.44,346,35,27,MN,Minnesota,Midwest,-94.019796,44.17567,0,0
31900,"Mansfield, OH Metro Area",121107,41.3,0.03,22858,2.77,0.55,0.93,0.84,0.84,0.18,0.74,0.61,0,1.04,3.8,-0.003018927,0.007329555,1,8,0,0,72,5.9,0.44,137,11,39,OH,Ohio,Midwest,-82.54038,40.762375,0,0
32580,"McAllen-Edinburg-Mission, TX Metro Area",849843,29.2,0.02,15918,13.53,0.57,0.93,0.69,0.7,0.19,0.68,0.43,1,0.96,16.9,0.034018953,0.028205209,2,2,0,0,377,4.5,0.49,123,1,48,TX,Texas,South,-98.184073,26.232453,0,0
32780,"Medford, OR Metro Area",216527,43.1,0.04,27523,5.96,0.58,0.94,0.86,0.8,0.26,0.86,0.7,0,0.95,6.4,0.005842135,0.012734497,4,19,1,5,193,9.2,0.46,327,16,41,OR,Oregon,West,-122.858375,42.34699,0,0
32820,"Memphis, TN-MS-AR Metro Area",1346437,36.4,0.02,27011,36.37,0.63,0.93,0.81,0.84,0.28,0.76,0.57,1,0.92,63,0.003441137,0.005115736,47,35,23,17,756,5.6,0.48,3295,25,47,TN,Tennessee,South,-89.885651,35.10168,0,0
32900,"Merced, CA Metro Area",268672,30.9,0.04,21882,5.88,0.6,0.86,0.8,0.77,0.14,0.82,0.6,1,1.02,7.4,0.031759411,0.040608541,3,11,0,0,88,3.3,0.46,101,4,6,CA,California,West,-120.623894,37.281017,0,0
33100,"Miami-Fort Lauderdale-West Palm Beach, FL Metro Area",6066387,40.9,0.02,29535,179.17,0.62,0.94,0.85,0.82,0.31,0.8,0.66,5,0.94,283.4,0.016954819,0.02730904,447,75,36,6,4515,7.6,0.51,15724,27,12,FL,Florida,South,-80.240069,26.08737,2,0.34
33140,"Michigan City-La Porte, IN Metro Area",110015,40.8,0.07,26407,2.91,0.59,0.93,0.84,0.89,0.19,0.81,0.63,0,1.09,3.4,-0.001299581,-0.005337771,1,9,0,0,85,7.6,0.44,163,15,18,IN,Indiana,Midwest,-86.790997,41.631838,0,0
33220,"Midland, MI Metro Area",83462,42.6,0.03,32357,2.7,0.6,0.96,0.92,0.89,0.34,0.83,0.65,0,0.97,3.6,-0.003217122,-0.003662101,1,12,0,0,46,5.5,0.46,0,0,26,MI,Michigan,Midwest,-84.298082,43.642776,0,0
33260,"Midland, TX Metro Area",168323,32.1,0.05,35279,5.94,0.7,0.95,0.92,0.92,0.26,0.84,0.65,0,1.01,25.6,0.084709023,0.141127149,3,19,1,6,86,5.3,0.48,290,18,48,TX,Texas,South,-102.097124,32.008896,0,0
33340,"Milwaukee-Waukesha-West Allis, WI Metro Area",1572482,37.7,0.02,33317,52.39,0.67,0.95,0.86,0.85,0.37,0.82,0.69,3,0.95,91.7,0.012039736,0.012799196,110,70,50,32,1046,6.7,0.47,8988,57,55,WI,Wisconsin,Midwest,-88.050188,43.075877,0,0
33460,"Minneapolis-St. Paul-Bloomington, MN-WI Metro Area",3551036,36.9,0.02,37765,134.1,0.72,0.96,0.91,0.92,0.42,0.87,0.74,4,0.98,223.7,0.016580387,0.025367521,295,84,96,27,2154,6.2,0.45,41750,119,27,MN,Minnesota,Midwest,-93.267848,44.993737,0,0
33540,"Missoula, MT Metro Area",116130,36.4,0.06,30103,3.5,0.69,0.95,0.83,0.85,0.41,0.85,0.74,1,1.04,4.6,0.013725411,0.010003786,3,27,0,0,96,8.5,0.46,190,17,30,MT,Montana,West,-114.01897,46.875473,0,0
33660,"Mobile, AL Metro Area",414836,37.4,0.03,24499,10.16,0.57,0.94,0.81,0.84,0.25,0.73,0.55,1,0.91,16.6,0.014257593,0.003310323,14,34,0,0,215,5.2,0.47,321,8,1,AL,Alabama,South,-88.170618,30.683994,0,0
33700,"Modesto, CA Metro Area",541560,34,0.03,24331,13.18,0.61,0.9,0.86,0.85,0.17,0.83,0.65,0,0.97,17,0.017222573,0.019945826,7,13,0,0,279,5.2,0.45,570,11,6,CA,California,West,-120.955575,37.619148,0,0
33740,"Monroe, LA Metro Area",179470,36.2,0.02,20818,3.74,0.55,0.93,0.76,0.82,0.21,0.69,0.48,1,0.93,6.5,0.008234655,0.000433195,1,6,3,17,98,5.5,0.5,136,8,22,LA,Louisiana,South,-92.165,32.550424,0,0
33780,"Monroe, MI Metro Area",149208,42.2,0.03,29768,4.44,0.6,0.96,0.9,0.88,0.21,0.83,0.7,0,0.98,4.2,0.002525691,0.011313856,4,27,3,20,82,5.5,0.41,656,44,26,MI,Michigan,Midwest,-83.485685,41.900249,0,0
33860,"Montgomery, AL Metro Area",376163,37,0.04,26997,10.16,0.6,0.94,0.83,0.82,0.29,0.79,0.64,0,0.92,15.2,0.006615189,-0.001099378,6,16,1,3,207,5.5,0.46,235,6,1,AL,Alabama,South,-86.287743,32.408302,0,0
34060,"Morgantown, WV Metro Area",138380,33.6,0.06,29455,4.08,0.59,0.93,0.8,0.86,0.35,0.81,0.7,1,1.05,6.6,0.032040401,0.006275415,5,36,0,0,100,7.3,0.5,309,23,54,WV,West Virginia,South,-79.886484,39.59983,0,0
34100,"Morristown, TN Metro Area",117320,41.6,0.03,22128,2.6,0.56,0.93,0.82,0.8,0.18,0.71,0.54,0,0.96,3.4,0.002679123,0.006844198,0,0,0,0,61,5.3,0.46,191,17,47,TN,Tennessee,South,-83.367279,36.148782,0,0
34580,"Mount Vernon-Anacortes, WA Metro Area",123681,42,0.07,29946,3.7,0.59,0.93,0.89,0.86,0.21,0.89,0.73,0,0.99,4.4,0.001621753,-0.025839445,0,0,0,0,114,9.5,0.44,210,17,53,WA,Washington,West,-122.335869,48.466681,0,0
34620,"Muncie, IN Metro Area",115603,35.4,0.07,24255,2.8,0.57,0.92,0.78,0.85,0.24,0.78,0.6,1,0.95,3.5,-0.005506124,0.010769724,0,0,0,0,76,6.5,0.47,113,10,18,IN,Indiana,Midwest,-85.401955,40.20517,0,0
34740,"Muskegon, MI Metro Area",173408,39.1,0.04,21952,3.81,0.58,0.92,0.81,0.81,0.16,0.78,0.61,0,0.99,5.2,0.003195845,0.018798221,0,0,0,0,98,5.7,0.44,304,18,26,MI,Michigan,Midwest,-86.215465,43.244173,0,0
34820,"Myrtle Beach-Conway-North Myrtle Beach, SC-NC Metro Area",449295,47.2,0.05,27166,12.21,0.54,0.93,0.85,0.86,0.22,0.84,0.7,0,0.93,14.3,0.01568478,0.009890052,7,17,0,0,616,14.7,0.45,225,5,45,SC,South Carolina,South,-78.737292,33.857562,0,0
34900,"Napa, CA Metro Area",142166,41,0.05,39030,5.55,0.67,0.95,0.93,0.95,0.34,0.87,0.74,0,0.99,8.3,0.017192726,0.035022188,4,28,0,0,128,9,0.47,505,36,6,CA,California,West,-122.321752,38.329076,0,0
34940,"Naples-Immokalee-Marco Island, FL Metro Area",365136,50.3,0.07,41068,15,0.52,0.96,0.89,0.93,0.27,0.85,0.75,0,0.96,14.9,0.013472644,0.040025404,14,40,2,6,377,10.8,0.53,867,25,12,FL,Florida,South,-81.699586,26.199831,0,0
34980,"Nashville-Davidson--Murfreesboro--Franklin, TN Metro Area",1865535,36.3,0.04,31893,59.5,0.67,0.96,0.88,0.9,0.36,0.84,0.68,5,0.95,102.2,0.02875404,0.039704,174,97,26,15,1276,7.1,0.47,2743,15,47,TN,Tennessee,South,-86.693546,36.097439,0,0
35100,"New Bern, NC Metro Area",124635,39,0.07,26388,3.29,0.58,0.91,0.83,0.84,0.23,0.8,0.67,0,1.03,4.5,0.008250742,-0.003773693,0,0,0,0,89,7,0.43,0,0,37,NC,North Carolina,South,-77.036641,35.067612,0,0
35300,"New Haven-Milford, CT Metro Area",856875,39.9,0.03,35068,30.05,0.65,0.93,0.89,0.84,0.37,0.83,0.74,1,0.93,40.4,0.005594793,-0.001209074,34,39,9,10,772,9,0.47,6098,71,9,CT,Connecticut,Northeast,-72.941523,41.396052,0,0
35380,"New Orleans-Metairie, LA Metro Area",1268883,37.7,0.03,29082,36.9,0.63,0.93,0.83,0.85,0.3,0.77,0.63,2,0.93,68.5,-0.001085471,-0.01238749,57,46,9,7,1073,8.6,0.5,1869,15,22,LA,Louisiana,South,-90.107167,30.040414,0,0
35620,"New York-Newark-Jersey City, NY-NJ-PA Metro Area",20153634,38.2,0.01,38894,783.86,0.64,0.94,0.87,0.87,0.41,0.83,0.73,19,0.94,1412.2,0.013404572,0.012947847,1534,76,388,19,18258,9.1,0.51,102951,51,36,NY,New York,Northeast,-73.953516,40.757496,11,0.55
35660,"Niles-Benton Harbor, MI Metro Area",154010,41.6,0.05,27834,4.29,0.61,0.95,0.83,0.86,0.29,0.78,0.61,1,0.96,5.7,0.001256513,-0.008676391,1,6,3,19,149,9.6,0.47,1103,71,26,MI,Michigan,Midwest,-86.407548,41.987514,0,0
35840,"North Port-Sarasota-Bradenton, FL Metro Area",788457,52,0.06,33190,26.17,0.51,0.94,0.88,0.92,0.28,0.83,0.71,1,0.92,25.4,0.013576775,0.018714664,43,57,0,0,710,9.5,0.47,1922,26,12,FL,Florida,South,-82.473999,27.331793,0,0
35980,"Norwich-New London, CT Metro Area",269801,41.5,0.06,38089,10.28,0.68,0.94,0.91,0.89,0.33,0.86,0.75,0,0.99,14,0.005075405,-0.024291029,8,29,1,4,287,10.5,0.43,2041,75,9,CT,Connecticut,Northeast,-72.097691,41.443373,0,0
36100,"Ocala, FL Metro Area",349020,48.6,0.07,22425,7.83,0.46,0.94,0.82,0.83,0.16,0.78,0.63,0,0.93,7.1,0.013206497,0.00348839,11,32,0,0,168,5,0.43,386,11,12,FL,Florida,South,-82.123382,29.140116,0,0
36140,"Ocean City, NJ Metro Area",94430,49,0.06,37329,3.52,0.6,0.91,0.88,0.93,0.32,0.84,0.75,0,0.97,4.2,0.009744824,-0.002258421,1,10,0,0,295,30.9,0.45,68,7,34,NJ,New Jersey,Northeast,-74.806974,39.095953,0,0
36220,"Odessa, TX Metro Area",157462,30.4,0.03,28299,4.46,0.7,0.88,0.87,0.85,0.15,0.82,0.61,0,1.04,8.7,0.055340429,0.080239173,0,0,0,0,83,5.4,0.44,177,12,48,TX,Texas,South,-102.385795,31.864941,0,0
36260,"Ogden-Clearfield, UT Metro Area",656061,31.6,0.04,27160,17.82,0.68,0.97,0.92,0.93,0.31,0.87,0.71,0,1.02,22.2,0.02623945,0.019586039,31,49,2,3,246,3.9,0.4,1987,31,49,UT,Utah,West,-111.97901,41.147643,1,1.58
36420,"Oklahoma City, OK Metro Area",1373211,35,0.03,28253,38.8,0.65,0.95,0.85,0.88,0.31,0.83,0.64,1,0.97,69.7,0.028740514,0.042696999,78,58,10,7,854,6.4,0.46,2204,16,40,OK,Oklahoma,South,-97.517838,35.450109,0,0
36500,"Olympia-Tumwater, WA Metro Area",275222,39.5,0.09,31582,8.69,0.61,0.92,0.9,0.88,0.35,0.88,0.77,0,0.96,9.6,0.015926649,0.009747888,1,4,0,0,174,6.5,0.4,518,19,53,WA,Washington,West,-122.841,46.999073,0,0
36540,"Omaha-Council Bluffs, NE-IA Metro Area",924495,35.6,0.03,32031,29.61,0.7,0.96,0.9,0.91,0.38,0.84,0.71,1,0.98,52.5,0.020698806,0.02105411,60,66,19,21,612,6.8,0.44,1758,19,31,NE,Nebraska,Midwest,-96.031505,41.240784,0,0
36740,"Orlando-Kissimmee-Sanford, FL Metro Area",2441257,37,0.05,26918,65.71,0.64,0.94,0.85,0.85,0.32,0.86,0.74,1,0.96,109.2,0.02154232,0.016224061,169,73,11,5,1692,7.3,0.47,5050,22,12,FL,Florida,South,-81.420795,28.560262,0,0
36780,"Oshkosh-Neenah, WI Metro Area",169886,38.6,0.07,31123,5.29,0.65,0.97,0.88,0.91,0.3,0.85,0.72,0,1.03,8.8,0.016356458,0.012751559,4,24,8,47,116,6.8,0.44,1888,111,55,WI,Wisconsin,Midwest,-88.539995,44.100644,0,0
36980,"Owensboro, KY Metro Area",119706,39.2,0.03,26807,3.21,0.61,0.94,0.83,0.89,0.24,0.81,0.62,0,0.95,5.2,0.021988885,0.029949561,1,9,0,0,75,6.4,0.43,124,11,21,KY,Kentucky,South,-87.083642,37.737233,0,0
37100,"Oxnard-Thousand Oaks-Ventura, CA Metro Area",849738,37.7,0.03,35298,29.99,0.66,0.95,0.91,0.93,0.33,0.87,0.77,0,0.98,42.5,0.023794716,0.015797058,56,66,8,9,573,6.8,0.44,7721,91,6,CA,California,West,-119.025017,34.241989,0,0
37340,"Palm Bay-Melbourne-Titusville, FL Metro Area",579130,47.3,0.05,29079,16.84,0.53,0.94,0.85,0.89,0.3,0.87,0.77,1,0.95,18.1,0.017594712,-0.00316192,15,27,2,4,452,8.1,0.45,5335,96,12,FL,Florida,South,-80.69111,28.232195,0,0
37460,"Panama City, FL Metro Area",200893,40.4,0.05,25901,5.2,0.59,0.94,0.85,0.87,0.23,0.84,0.67,0,1.02,7.1,0.01817198,-0.001325591,1,5,0,0,191,9.8,0.44,418,21,12,FL,Florida,South,-85.625789,30.188174,0,0
37620,"Parkersburg-Vienna, WV Metro Area",90554,43.1,0.02,26959,2.44,0.54,0.94,0.82,0.83,0.27,0.8,0.69,0,0.93,3.2,-0.002512494,-0.000924501,1,11,0,0,61,6.6,0.46,325,35,54,WV,West Virginia,South,-81.521843,39.253,0,0
37860,"Pensacola-Ferry Pass-Brent, FL Metro Area",485684,38.3,0.06,26485,12.86,0.59,0.94,0.87,0.86,0.28,0.87,0.74,1,1,14.4,0.007649404,0.005573728,11,23,0,0,258,5.4,0.44,593,13,12,FL,Florida,South,-87.194632,30.506986,0,0
37900,"Peoria, IL Metro Area",376044,39.6,0.02,30512,11.47,0.63,0.94,0.89,0.88,0.3,0.8,0.6,0,0.96,18.1,0.01678176,0.001109819,7,18,6,16,309,8.1,0.44,3321,87,17,IL,Illinois,Midwest,-89.557616,40.711432,0,0
37980,"Philadelphia-Camden-Wilmington, PA-NJ-DE-MD Metro Area",6070500,38.6,0.02,35292,214.24,0.65,0.94,0.87,0.87,0.39,0.84,0.74,9,0.94,368.2,0.014011911,0.013138673,498,82,101,17,4050,6.7,0.48,32455,54,42,PA,Pennsylvania,Northeast,-75.243209,39.976657,0,0
38060,"Phoenix-Mesa-Scottsdale, AZ Metro Area",4661537,36.5,0.04,29653,138.23,0.62,0.94,0.85,0.89,0.31,0.85,0.71,6,0.99,197.9,0.018608296,0.017996286,328,73,36,8,2331,5.2,0.46,20933,47,4,AZ,Arizona,West,-112.000978,33.454574,0,0
38220,"Pine Bluff, AR Metro Area",94071,39.2,0.04,19148,1.8,0.46,0.93,0.78,0.81,0.15,0.62,0.36,0,1.1,2.7,-0.007680302,-0.023161179,0,0,0,0,36,3.8,0.48,25,3,5,AR,Arkansas,South,-92.008086,34.169487,0,0
38300,"Pittsburgh, PA Metro Area",2342299,43.1,0.02,32582,76.32,0.63,0.95,0.89,0.88,0.39,0.82,0.71,4,0.95,130.2,0.012485545,0.023620153,115,49,43,18,1820,7.7,0.47,10907,46,42,PA,Pennsylvania,Northeast,-79.919918,40.436134,0,0
38340,"Pittsfield, MA Metro Area",126903,46.7,0.03,33130,4.2,0.64,0.94,0.9,0.87,0.33,0.84,0.71,0,0.92,5.6,0.001690674,0.013481254,1,8,0,0,218,16.9,0.47,371,29,25,MA,Massachusetts,Northeast,-73.216435,42.460782,0,0
38540,"Pocatello, ID Metro Area",84377,34,0.05,23951,2.02,0.6,0.94,0.83,0.84,0.27,0.86,0.67,1,0.97,2.3,0.006543287,-0.008001717,1,12,0,0,57,6.8,0.44,145,17,16,ID,Idaho,West,-112.423771,42.869212,0,0
38860,"Portland-South Portland, ME Metro Area",529657,43.7,0.04,34869,18.47,0.66,0.97,0.91,0.9,0.4,0.86,0.75,0,0.94,25.9,0.009375746,0.002883801,34,65,5,10,648,12.4,0.45,1831,35,23,ME,Maine,Northeast,-70.40409,43.638145,0,0
38900,"Portland-Vancouver-Hillsboro, OR-WA Metro Area",2425325,37.8,0.04,35290,85.59,0.67,0.95,0.89,0.86,0.4,0.89,0.76,1,0.98,148.7,0.039243622,0.010500401,183,78,14,6,2223,9.5,0.45,25717,110,41,OR,Oregon,West,-122.677088,45.511352,0,0
38940,"Port St. Lucie, FL Metro Area",465208,47.4,0.06,28041,13.04,0.53,0.95,0.84,0.89,0.23,0.82,0.7,0,0.95,11.1,0.017687273,0.000884111,6,14,0,0,328,7.4,0.49,1265,28,12,FL,Florida,South,-80.315654,27.271217,0,0
39140,"Prescott, AZ Metro Area",225562,53.1,0.07,28396,6.41,0.47,0.95,0.87,0.9,0.2,0.81,0.63,2,0.97,4.6,0.013145788,0.00840006,6,27,0,0,203,9.3,0.44,361,16,4,AZ,Arizona,West,-112.267662,34.629015,0,0
39300,"Providence-Warwick, RI-MA Metro Area",1614750,40.4,0.03,33148,53.53,0.65,0.94,0.88,0.84,0.34,0.83,0.73,3,0.94,70.6,0.010549259,0.010296237,67,42,20,12,1566,9.7,0.47,6954,43,44,RI,Rhode Island,Northeast,-71.333584,41.767176,0,0
39340,"Provo-Orem, UT Metro Area",602543,24.7,0.06,23217,13.99,0.69,0.96,0.88,0.93,0.38,0.86,0.75,1,1.03,18.6,0.042428945,0.041967979,129,226,6,10,180,3.1,0.42,3720,65,49,UT,Utah,West,-111.734847,40.262197,3,5.25
39380,"Pueblo, CO Metro Area",165123,39.1,0.03,23420,3.87,0.56,0.93,0.8,0.84,0.22,0.78,0.61,0,0.98,4.3,0.002863308,0.008135408,0,0,0,0,131,8.1,0.45,150,9,8,CO,Colorado,West,-104.645129,38.263685,0,0
39460,"Punta Gorda, FL Metro Area",178465,58.5,0.07,29808,5.32,0.41,0.91,0.87,0.92,0.2,0.85,0.73,0,0.96,3.4,0.004767721,0.012959441,3,18,0,0,120,7.1,0.44,272,16,12,FL,Florida,South,-82.119939,26.954793,0,0
39540,"Racine, WI Metro Area",195140,40,0.06,28049,5.47,0.63,0.95,0.86,0.83,0.24,0.84,0.7,0,0.98,6.8,-0.002868179,-0.007170227,7,36,2,10,137,7,0.43,1327,68,55,WI,Wisconsin,Midwest,-87.926099,42.734944,0,0
39580,"Raleigh, NC Metro Area",1302946,36.4,0.05,35661,46.46,0.7,0.95,0.9,0.92,0.5,0.88,0.8,1,0.95,68.1,0.031977282,0.031916748,128,103,7,6,850,6.8,0.45,15950,128,37,NC,North Carolina,South,-78.616208,35.775247,0,0
39660,"Rapid City, SD Metro Area",143367,38.7,0.04,27508,3.94,0.67,0.94,0.85,0.88,0.29,0.84,0.72,0,1.01,5.7,0.021907871,0.016277411,0,0,0,0,135,9.4,0.43,133,9,46,SD,South Dakota,Midwest,-103.246477,44.088725,0,0
39740,"Reading, PA Metro Area",414812,40.1,0.03,29321,12.16,0.65,0.94,0.86,0.86,0.27,0.84,0.72,0,0.97,15.8,0.009103555,0.012041077,19,46,3,7,283,6.8,0.43,1157,28,42,PA,Pennsylvania,Northeast,-75.908726,40.364227,0,0
39820,"Redding, CA Metro Area",179631,42.1,0.03,26455,4.75,0.53,0.94,0.83,0.9,0.22,0.79,0.63,0,0.97,5.3,0.00410549,0.008797868,4,22,0,0,121,6.7,0.45,200,11,6,CA,California,West,-122.299786,40.580269,0,0
39900,"Reno, NV Metro Area",457387,38.5,0.05,32443,14.84,0.66,0.94,0.88,0.89,0.27,0.83,0.71,1,1.02,19.9,0.007030234,0.012025497,17,38,6,14,320,7.2,0.47,3195,72,32,NV,Nevada,West,-119.79386,39.53418,0,0
40060,"Richmond, VA Metro Area",1282066,39,0.04,34250,43.91,0.66,0.94,0.88,0.91,0.39,0.82,0.68,1,0.94,65.9,0.008519156,0.012174137,84,67,28,22,956,7.6,0.45,3003,24,51,VA,Virginia,South,-77.487647,37.505973,0,0
40140,"Riverside-San Bernardino-Ontario, CA Metro Area",4527837,34.4,0.04,24152,109.36,0.6,0.92,0.84,0.86,0.21,0.85,0.7,2,0.99,125.5,0.017429842,0.019773192,74,17,9,2,2056,4.6,0.44,6063,14,6,CA,California,West,-117.206547,33.98822,0,0
40220,"Roanoke, VA Metro Area",312576,42.5,0.03,28752,8.99,0.61,0.94,0.86,0.9,0.26,0.77,0.63,0,0.93,12.9,0.004066003,-0.0011699,7,22,1,3,272,8.7,0.44,894,29,51,VA,Virginia,South,-79.950546,37.250857,0,0
40340,"Rochester, MN Metro Area",215884,38.5,0.03,35471,7.66,0.71,0.96,0.91,0.93,0.39,0.85,0.7,1,0.97,10.3,0.021468283,0.01230972,5,23,0,0,174,8.2,0.44,5907,278,27,MN,Minnesota,Midwest,-92.439986,44.019835,0,0
40380,"Rochester, NY Metro Area",1078879,40.1,0.03,30402,32.8,0.63,0.95,0.86,0.86,0.35,0.84,0.71,3,0.95,49.3,0.004550341,0.001548247,73,67,9,8,864,8,0.45,20239,187,36,NY,New York,Northeast,-77.561166,43.100879,0,0
40420,"Rockford, IL Metro Area",339376,39.7,0.03,27321,9.27,0.64,0.91,0.85,0.8,0.22,0.83,0.65,0,0.97,13.3,0.005623607,0.011329274,9,26,0,0,228,6.7,0.45,1553,45,17,IL,Illinois,Midwest,-89.029647,42.30509,0,0
40580,"Rocky Mount, NC Metro Area",147323,41.4,0.05,22595,3.33,0.6,0.93,0.82,0.75,0.18,0.68,0.52,0,0.95,5.6,-0.002533569,-0.022323724,1,7,0,0,78,5.2,0.46,98,7,37,NC,North Carolina,South,-77.824567,35.931204,0,0
40660,"Rome, GA Metro Area",96560,38.7,0.04,25973,2.51,0.6,0.94,0.87,0.84,0.24,0.8,0.61,0,0.95,3.3,-0.000459103,0.004104105,4,42,0,0,64,6.7,0.46,85,9,13,GA,Georgia,South,-85.183155,34.255797,0,0
40900,"Sacramento--Roseville--Arden-Arcade, CA Metro Area",2296418,37.3,0.05,32896,75.54,0.61,0.94,0.85,0.91,0.33,0.87,0.73,1,0.96,106.2,0.019390634,0.022902211,69,31,7,3,1529,6.8,0.46,7717,34,6,CA,California,West,-121.326757,38.631388,0,0
40980,"Saginaw, MI Metro Area",192326,41,0.02,25045,4.82,0.57,0.93,0.83,0.83,0.25,0.78,0.61,0,0.96,6.9,-0.007585363,-0.00243326,3,15,0,0,101,5.2,0.45,758,39,26,MI,Michigan,Midwest,-83.99374,43.398201,0,0
41060,"St. Cloud, MN Metro Area",195644,35.2,0.05,28311,5.54,0.71,0.96,0.89,0.91,0.27,0.84,0.66,0,1.02,8.4,0.014484837,0.020270857,7,36,0,0,140,7.3,0.42,302,16,27,MN,Minnesota,Midwest,-94.308326,45.573226,0,0
41100,"St. George, UT Metro Area",160245,35.9,0.08,25692,4.12,0.57,0.94,0.87,0.94,0.27,0.85,0.69,0,0.99,4.1,0.038733298,0.034920739,5,33,2,13,86,5.7,0.43,221,15,49,UT,Utah,West,-113.519704,37.135163,0,0
41140,"St. Joseph, MO-KS Metro Area",127528,39.1,0.05,24817,3.16,0.58,0.96,0.84,0.87,0.22,0.74,0.55,0,1.09,5,0.017473083,0.0086326,2,16,0,0,73,5.7,0.43,149,12,29,MO,Missouri,Midwest,-94.788509,39.783315,0,0
41180,"St. Louis, MO-IL Metro Area",2807954,39.2,0.02,33160,93.11,0.65,0.95,0.89,0.89,0.36,0.83,0.69,5,0.94,138.5,0.007205552,0.009393029,153,55,56,20,2096,7.5,0.46,10290,37,29,MO,Missouri,Midwest,-90.35156,38.654261,0,0
41420,"Salem, OR Metro Area",418139,36.5,0.05,25585,10.7,0.61,0.95,0.87,0.83,0.23,0.84,0.68,0,0.95,12.5,0.009954232,0.001908503,4,10,0,0,284,7,0.42,614,15,41,OR,Oregon,West,-123.004297,44.953671,0,0
41500,"Salinas, CA Metro Area",435232,34,0.05,27146,11.81,0.61,0.95,0.87,0.93,0.23,0.81,0.61,1,1.04,19.3,0.010373685,0.013602817,6,14,1,2,348,8.1,0.46,992,23,6,CA,California,West,-121.646434,36.611722,0,0
41540,"Salisbury, MD-DE Metro Area",400200,44.9,0.04,29582,11.84,0.57,0.95,0.86,0.88,0.25,0.79,0.62,1,0.96,14.3,0.018605504,0.010983411,11,28,0,0,521,13.4,0.44,123,3,10,DE,Delaware,South,-75.425413,38.498462,0,0
41620,"Salt Lake City, UT Metro Area",1186187,32.6,0.05,29885,35.45,0.71,0.96,0.91,0.93,0.33,0.85,0.7,1,1.01,70.2,0.023343358,0.023242038,139,121,10,9,647,5.6,0.43,6690,58,49,UT,Utah,West,-111.947185,40.641744,0,0
41660,"San Angelo, TX Metro Area",120189,33.9,0.09,27435,3.3,0.66,0.96,0.88,0.89,0.24,0.76,0.62,0,0.98,4.5,0.019888978,0.035681397,1,8,0,0,73,6.2,0.47,39,3,48,TX,Texas,South,-100.465579,31.449618,0,0
41700,"San Antonio-New Braunfels, TX Metro Area",2429609,34.6,0.03,26728,64.94,0.64,0.94,0.85,0.88,0.29,0.81,0.63,1,0.98,100.5,0.030981251,0.045973744,86,37,18,8,1499,6.4,0.46,4341,19,48,TX,Texas,South,-98.494545,29.490713,0,0
41740,"San Diego-Carlsbad, CA Metro Area",3317749,35.7,0.03,34328,113.89,0.65,0.94,0.88,0.93,0.38,0.89,0.78,4,1.01,198.6,0.021836394,0.02638316,352,108,20,6,2403,7.4,0.47,45465,139,6,CA,California,West,-117.113136,32.883261,1,0.31
41860,"San Francisco-Oakland-Hayward, CA Metro Area",4679166,38.8,0.04,49579,231.99,0.67,0.95,0.91,0.94,0.51,0.89,0.8,4,0.98,378.8,0.019112918,0.030717931,616,134,83,18,4972,10.8,0.49,89981,196,6,CA,California,West,-122.212105,37.764033,37,8.05
41940,"San Jose-Sunnyvale-Santa Clara, CA Metro Area",1978816,37,0.04,48995,96.95,0.67,0.95,0.91,0.95,0.53,0.91,0.82,1,1.02,223.1,0.041780069,0.063412065,226,116,107,55,1636,8.4,0.47,143919,737,6,CA,California,West,-121.895273,37.300913,14,7.17
42020,"San Luis Obispo-Paso Robles-Arroyo Grande, CA Metro Area",282887,38.8,0.07,34444,9.74,0.6,0.96,0.89,0.96,0.35,0.86,0.71,0,1.02,12.1,0.0202578,0.018718802,17,61,0,0,318,11.4,0.46,1190,43,6,CA,California,West,-120.667817,35.342391,0,0
42100,"Santa Cruz-Watsonville, CA Metro Area",274673,37.4,0.07,38575,10.6,0.64,0.94,0.86,0.91,0.4,0.88,0.76,1,0.98,10.6,-0.002918084,0.022438586,15,55,2,7,251,9.2,0.47,7719,284,6,CA,California,West,-121.936794,36.985172,0,0
42140,"Santa Fe, NM Metro Area",148651,46,0.03,36316,5.4,0.59,0.96,0.86,0.91,0.38,0.78,0.61,0,0.95,6.7,0.006861041,-0.002039205,1,7,1,7,155,10.5,0.48,613,41,35,NM,New Mexico,West,-106.004873,35.630806,0,0
42200,"Santa Maria-Santa Barbara, CA Metro Area",446170,33.8,0.05,31217,13.93,0.65,0.94,0.86,0.92,0.3,0.87,0.74,2,1,22.7,0.019400326,0.023853183,35,79,8,18,376,8.5,0.48,4130,94,6,CA,California,West,-120.093457,34.639262,1,2.27
42220,"Santa Rosa, CA Metro Area",503070,42.1,0.04,37581,18.91,0.65,0.95,0.91,0.93,0.32,0.88,0.74,0,0.95,23.5,0.011692265,0.030859514,20,40,0,0,503,10.1,0.46,3125,62,6,CA,California,West,-122.720662,38.41408,0,0
42340,"Savannah, GA Metro Area",384024,35.7,0.06,30575,11.74,0.67,0.93,0.86,0.87,0.31,0.85,0.71,0,0.93,15,0.019074721,0.025062914,8,21,0,0,356,9.6,0.45,319,9,13,GA,Georgia,South,-81.174191,32.069537,0,0
42540,"Scranton--Wilkes-Barre--Hazleton, PA Metro Area",555225,42.7,0.03,27032,15.01,0.6,0.94,0.86,0.83,0.27,0.76,0.63,0,0.95,21,0.006527799,0.0077431,11,20,3,5,549,9.8,0.45,910,16,42,PA,Pennsylvania,Northeast,-75.818067,41.308651,0,0
42660,"Seattle-Tacoma-Bellevue, WA Metro Area",3798902,37.1,0.04,41584,157.98,0.68,0.95,0.9,0.9,0.43,0.9,0.81,2,1,283.6,0.025701707,0.028433841,351,96,42,11,3215,8.8,0.45,45055,123,53,WA,Washington,West,-122.263425,47.542018,2,0.54
42680,"Sebastian-Vero Beach, FL Metro Area",151563,53,0.06,32024,4.85,0.44,0.94,0.88,0.92,0.23,0.83,0.74,0,0.92,4.4,0.017510163,0.015927597,3,21,0,0,106,7.3,0.53,291,20,12,FL,Florida,South,-80.440607,27.671828,0,0
42700,"Sebring, FL Metro Area",100917,54.4,0.07,20913,2.11,0.42,0.85,0.81,0.84,0.11,0.71,0.53,0,0.9,1.7,0.006864361,-0.011607698,0,0,0,0,57,5.8,0.46,0,0,12,FL,Florida,South,-81.442618,27.460415,0,0
43100,"Sheboygan, WI Metro Area",115427,41.5,0.02,29409,3.39,0.67,0.97,0.95,0.91,0.27,0.81,0.67,0,1.02,5.9,0.010430613,0.018402073,3,26,0,0,96,8.3,0.41,657,57,55,WI,Wisconsin,Midwest,-87.820228,43.733217,0,0
43300,"Sherman-Denison, TX Metro Area",128235,40,0.05,25852,3.32,0.62,0.94,0.87,0.89,0.19,0.76,0.54,0,0.96,3.6,0.018064132,0.012557199,0,0,0,0,76,6.2,0.45,266,22,48,TX,Texas,South,-96.624649,33.649486,0,0
43340,"Shreveport-Bossier City, LA Metro Area",441767,36.7,0.02,24455,10.8,0.59,0.93,0.76,0.82,0.23,0.68,0.48,0,0.94,19.3,0.006927083,-0.015165718,7,16,0,0,248,5.6,0.49,334,8,22,LA,Louisiana,South,-93.717974,32.493432,0,0
43420,"Sierra Vista-Douglas, AZ Metro Area",125770,40.8,0.09,23220,2.92,0.49,0.92,0.77,0.82,0.23,0.78,0.6,0,1.01,3.5,0.003865958,-0.033883057,2,16,0,0,98,7.7,0.45,0,0,4,AZ,Arizona,West,-110.063145,31.607358,0,0
43580,"Sioux City, IA-NE-SD Metro Area",167947,36.9,0.03,28014,4.7,0.69,0.96,0.88,0.88,0.22,0.79,0.6,0,0.99,8.1,0.014505087,0.013310094,2,12,3,18,136,8.1,0.44,473,28,19,IA,Iowa,Midwest,-96.374679,42.534942,0,0
43620,"Sioux Falls, SD Metro Area",256479,35.1,0.03,31776,8.15,0.75,0.97,0.91,0.92,0.37,0.87,0.73,0,1,16.3,0.031407268,0.027784633,6,24,3,12,165,6.6,0.43,403,16,46,SD,South Dakota,Midwest,-96.764139,43.526733,0,0
43780,"South Bend-Mishawaka, IN-MI Metro Area",320740,37.8,0.04,25605,8.21,0.61,0.93,0.85,0.88,0.28,0.76,0.61,1,0.95,12.4,0.007902094,0.000599152,10,31,0,0,222,7,0.46,1337,42,18,IN,Indiana,Midwest,-86.197855,41.710878,0,0
43900,"Spartanburg, SC Metro Area",329136,38.6,0.05,24640,8.11,0.61,0.95,0.83,0.86,0.22,0.77,0.58,0,0.94,12.6,0.014587118,0.020247341,7,22,0,0,223,6.9,0.45,1007,31,45,SC,South Carolina,South,-81.965527,34.941396,0,0
44060,"Spokane-Spokane Valley, WA Metro Area",556264,37.9,0.06,28179,15.68,0.6,0.94,0.87,0.84,0.29,0.85,0.69,0,0.99,20.6,0.01426939,0.011436491,15,28,3,6,352,6.5,0.45,1191,22,53,WA,Washington,West,-117.403515,47.745444,0,0
44100,"Springfield, IL Metro Area",208892,40.1,0.03,31439,6.57,0.63,0.93,0.86,0.88,0.36,0.82,0.66,0,0.94,8.9,-0.003583773,0.001583181,4,19,0,0,188,8.9,0.45,357,17,17,IL,Illinois,Midwest,-89.661711,39.786329,0,0
44140,"Springfield, MA Metro Area",630283,38.4,0.04,28520,17.98,0.62,0.93,0.84,0.83,0.32,0.81,0.7,2,0.92,22.6,0.004791252,0.002767776,8,13,3,5,488,7.8,0.47,1988,32,25,MA,Massachusetts,Northeast,-72.574823,42.173386,0,0
44180,"Springfield, MO Metro Area",456434,36.6,0.04,24324,11.1,0.61,0.96,0.84,0.89,0.28,0.8,0.56,0,0.97,16.5,0.016069831,0.012765958,19,42,7,15,330,7.3,0.44,470,10,29,MO,Missouri,Midwest,-93.264537,37.216164,0,0
44220,"Springfield, OH Metro Area",134786,41.9,0.04,24990,3.37,0.61,0.93,0.84,0.82,0.18,0.8,0.64,0,0.92,3.8,-0.00574019,0.013145697,5,37,0,0,55,4,0.44,206,15,39,OH,Ohio,Midwest,-83.832278,39.927147,0,0
44300,"State College, PA Metro Area",161464,31.7,0.13,31158,5.03,0.57,0.95,0.82,0.93,0.52,0.86,0.73,1,1.12,7.3,0.023771352,0.022984723,6,38,0,0,95,6,0.47,988,62,42,PA,Pennsylvania,Northeast,-77.838198,40.841087,0,0
44420,"Staunton-Waynesboro, VA Metro Area",121247,44,0.05,27590,3.35,0.6,0.96,0.89,0.92,0.27,0.76,0.54,0,0.93,4.4,0.00177629,-0.002838651,1,8,0,0,78,6.5,0.44,0,0,51,VA,Virginia,South,-79.017309,38.124065,0,0
44700,"Stockton-Lodi, CA Metro Area",733709,34.3,0.05,24934,18.29,0.6,0.91,0.86,0.84,0.17,0.81,0.66,1,0.99,22,0.017346881,0.019250432,1,1,0,0,331,4.6,0.45,880,12,6,CA,California,West,-121.298079,37.931805,0,0
44940,"Sumter, SC Metro Area",107396,36.1,0.05,22109,2.37,0.59,0.88,0.79,0.78,0.21,0.73,0.61,0,0.95,3.3,0.008090682,0.017974801,0,0,0,0,51,4.7,0.44,55,5,45,SC,South Carolina,South,-80.387317,33.929411,0,0
45060,"Syracuse, NY Metro Area",656510,39.1,0.04,29857,19.6,0.62,0.95,0.85,0.85,0.33,0.79,0.69,2,0.95,28.4,0.006874147,-0.001980574,22,33,2,3,505,7.6,0.45,2738,41,36,NY,New York,Northeast,-76.144436,43.117848,0,0
45220,"Tallahassee, FL Metro Area",380110,33.4,0.07,26996,10.26,0.61,0.93,0.82,0.87,0.39,0.84,0.72,2,0.95,13.1,-0.001781323,-0.003789761,9,24,0,0,234,6.2,0.48,779,21,12,FL,Florida,South,-84.299327,30.460813,0,0
45300,"Tampa-St. Petersburg-Clearwater, FL Metro Area",3032171,42.3,0.04,29616,89.8,0.59,0.94,0.86,0.86,0.31,0.84,0.73,2,0.94,120.3,0.01722004,0.019697826,223,76,13,4,2040,7,0.48,6810,23,12,FL,Florida,South,-82.533881,28.031654,0,0
45460,"Terre Haute, IN Metro Area",169518,38.3,0.05,23436,3.97,0.57,0.96,0.85,0.86,0.23,0.79,0.59,1,1.03,5.9,0.008416706,-0.010037664,2,12,0,0,130,7.6,0.45,145,8,18,IN,Indiana,Midwest,-87.352132,39.445978,0,0
45500,"Texarkana, TX-AR Metro Area",149721,38.3,0.02,24098,3.61,0.54,0.94,0.79,0.86,0.17,0.7,0.51,0,1.02,4.6,0.007334065,-0.009696247,0,0,0,0,85,5.7,0.47,71,5,48,TX,Texas,South,-94.13992,33.449205,0,0
45540,"The Villages, FL Metro Area",123996,67.3,0.07,30697,3.81,0.23,0.97,0.9,0.95,0.18,0.87,0.75,0,0.98,2.1,0.059634023,0.030708257,0,0,0,0,51,4.5,0.43,0,0,12,FL,Florida,South,-82.035415,28.825769,0,0
45780,"Toledo, OH Metro Area",605221,37.3,0.03,28242,17.09,0.64,0.94,0.82,0.84,0.28,0.83,0.66,2,0.96,30,0.010133754,0.025934298,24,40,13,21,477,7.9,0.47,2255,37,39,OH,Ohio,Midwest,-83.645935,41.605528,0,0
45820,"Topeka, KS Metro Area",233068,39.6,0.03,29151,6.79,0.64,0.96,0.9,0.92,0.31,0.73,0.54,0,0.96,8.7,-0.002220541,-0.005917975,1,4,7,30,144,6.2,0.43,157,7,20,KS,Kansas,Midwest,-95.697617,39.045968,0,0
45940,"Trenton, NJ Metro Area",371023,38.5,0.05,40963,15.2,0.64,0.93,0.89,0.9,0.45,0.79,0.7,1,0.96,27.4,0.018042996,0.013971427,14,38,7,19,259,7,0.49,5918,159,34,NJ,New Jersey,Northeast,-74.700333,40.255567,0,0
46060,"Tucson, AZ Metro Area",1016206,38.3,0.05,26700,27.13,0.58,0.92,0.82,0.86,0.3,0.86,0.69,0,0.97,32.5,0.008964035,-0.001526519,21,21,0,0,627,6.2,0.47,7014,70,4,AZ,Arizona,West,-110.960036,32.216708,0,0
46140,"Tulsa, OK Metro Area",987958,36.9,0.02,28151,27.81,0.64,0.94,0.85,0.88,0.28,0.82,0.62,1,0.96,51.6,0.021019261,0.030741992,49,51,21,22,621,6.4,0.47,2160,22,40,OK,Oklahoma,South,-95.920056,36.106428,0,0
46220,"Tuscaloosa, AL Metro Area",239593,33.9,0.07,24345,5.83,0.6,0.92,0.81,0.89,0.29,0.74,0.56,1,0.9,9.7,0.025476418,0.010390515,0,0,0,0,115,4.8,0.47,176,7,1,AL,Alabama,South,-87.574338,33.190901,0,0
46340,"Tyler, TX Metro Area",225290,36.5,0.04,24837,5.6,0.6,0.93,0.84,0.89,0.23,0.76,0.59,0,0.93,10.4,0.029371104,0.034788215,2,9,0,0,127,5.8,0.47,291,13,48,TX,Texas,South,-95.297819,32.326711,0,0
46520,"Urban Honolulu, HI Metro Area",992605,37.5,0.04,33691,33.44,0.67,0.96,0.92,0.9,0.36,0.85,0.76,1,1.02,54.3,0.021477514,0.010457898,16,16,9,9,790,8,0.42,990,10,15,HI,Hawaii,West,-157.913704,21.372464,0,0
46540,"Utica-Rome, NY Metro Area",293803,42,0.03,27110,7.96,0.58,0.94,0.84,0.83,0.25,0.8,0.65,0,0.98,9.6,0.006037481,-0.002900209,1,3,0,0,269,9.1,0.45,354,12,36,NY,New York,Northeast,-75.280716,43.130879,0,0
46660,"Valdosta, GA Metro Area",144504,32.1,0.05,21746,3.14,0.58,0.93,0.77,0.81,0.24,0.72,0.58,1,0.95,4.3,0.007267511,0.000464145,1,7,0,0,98,6.8,0.48,52,4,13,GA,Georgia,South,-83.290376,30.863861,0,0
46700,"Vallejo-Fairfield, CA Metro Area",440207,37.9,0.06,32543,14.33,0.63,0.93,0.88,0.9,0.25,0.9,0.76,0,0.99,16.9,0.021158565,0.028587629,2,5,0,0,224,5.2,0.42,832,19,6,CA,California,West,-122.069158,38.235582,0,0
47020,"Victoria, TX Metro Area",100227,37.1,0.03,31224,3.13,0.65,0.94,0.86,0.87,0.19,0.71,0.52,0,0.95,5,0.032489139,0.043753778,1,10,0,0,70,7.1,0.45,55,6,48,TX,Texas,South,-97.020033,28.811649,0,0
47220,"Vineland-Bridgeton, NJ Metro Area",153797,36.8,0.04,21495,3.31,0.54,0.94,0.81,0.79,0.14,0.73,0.62,0,1.05,5.1,0.005119889,-0.005751528,0,0,0,0,79,5,0.44,92,6,34,NJ,New Jersey,Northeast,-75.087733,39.428284,0,0
47260,"Virginia Beach-Norfolk-Newport News, VA-NC Metro Area",1725937,35.9,0.05,31622,54.58,0.67,0.94,0.89,0.9,0.32,0.86,0.71,3,0.97,85.6,0.01709985,0.009368992,87,51,13,8,1463,8.5,0.43,2242,13,51,VA,Virginia,South,-76.323933,36.916308,0,0
47300,"Visalia-Porterville, CA Metro Area",460437,30.8,0.02,18870,8.69,0.57,0.91,0.75,0.77,0.14,0.79,0.51,0,0.99,14.2,0.031422309,0.047274578,6,13,0,0,211,4.6,0.46,185,4,6,CA,California,West,-119.231702,36.251227,0,0
47380,"Waco, TX Metro Area",264869,33.6,0.04,24493,6.49,0.61,0.96,0.81,0.88,0.21,0.75,0.54,1,0.95,9.9,0.025752106,0.018255697,5,19,0,0,135,5.2,0.48,195,7,48,TX,Texas,South,-97.155696,31.521503,0,0
47460,"Walla Walla, WA Metro Area",64210,37.2,0.05,29124,1.87,0.59,0.95,0.88,0.87,0.29,0.85,0.69,0,1.06,2.3,0.0103376,-0.008763486,0,0,0,0,54,8.5,0.45,0,0,53,WA,Washington,West,-118.363376,46.093918,0,0
47580,"Warner Robins, GA Metro Area",189753,35.7,0.06,25963,4.93,0.62,0.95,0.81,0.85,0.29,0.8,0.66,0,0.93,6.1,0.011222478,-0.006335761,3,16,0,0,92,4.9,0.43,64,3,13,GA,Georgia,South,-83.676738,32.553832,0,0
47900,"Washington-Arlington-Alexandria, DC-VA-MD-WV Metro Area",6133552,36.9,0.03,45545,279.35,0.71,0.95,0.92,0.93,0.52,0.9,0.8,8,0.96,442.4,0.020558078,0.006948532,1167,193,79,13,4024,6.7,0.44,24699,41,51,VA,Virginia,South,-77.195002,38.891473,2,0.33
47940,"Waterloo-Cedar Falls, IA Metro Area",170015,36.3,0.02,29512,5.02,0.69,0.96,0.85,0.88,0.3,0.81,0.67,0,0.99,8.2,0.018746152,0.011936976,16,94,0,0,144,8.5,0.44,508,30,19,IA,Iowa,Midwest,-92.399099,42.519128,0,0
48060,"Watertown-Fort Drum, NY Metro Area",114006,33.1,0.07,23964,2.73,0.65,0.93,0.84,0.82,0.2,0.83,0.68,0,1.08,5.8,0.017261118,-0.011343829,2,17,0,0,124,10.4,0.41,0,0,36,NY,New York,Northeast,-75.896597,44.019126,0,0
48140,"Wausau, WI Metro Area",135603,40.8,0.03,29556,4.01,0.68,0.97,0.89,0.91,0.27,0.83,0.63,0,1,6.8,0.017344046,0.034129888,2,15,0,0,109,8,0.44,211,16,55,WI,Wisconsin,Midwest,-89.710864,44.908504,0,0
48260,"Weirton-Steubenville, WV-OH Metro Area",120861,45.1,0.03,23883,2.89,0.54,0.95,0.87,0.83,0.21,0.74,0.6,0,0.95,3.5,-0.005978232,0.006685704,0,0,0,0,86,7.1,0.44,81,7,39,OH,Ohio,Midwest,-80.642501,40.38234,0,0
48300,"Wenatchee, WA Metro Area",117665,39,0.03,26300,3.09,0.61,0.96,0.9,0.9,0.24,0.78,0.66,0,1,3.9,0.019293335,0.017165828,1,9,0,0,104,9.1,0.42,82,7,53,WA,Washington,West,-120.284799,47.523868,0,0
48540,"Wheeling, WV-OH Metro Area",142982,44.2,0.03,26016,3.72,0.56,0.94,0.83,0.84,0.22,0.69,0.55,0,1.01,6.5,0.021115318,0.025990026,1,7,2,14,94,6.5,0.46,131,9,54,WV,West Virginia,South,-80.782544,40.027299,0,0
48620,"Wichita, KS Metro Area",645447,35.8,0.03,27146,17.52,0.66,0.95,0.86,0.9,0.32,0.83,0.65,1,0.99,28.6,0.007255533,0.006221486,24,37,0,0,413,6.4,0.44,1648,26,20,KS,Kansas,Midwest,-97.321548,37.688891,0,0
48660,"Wichita Falls, TX Metro Area",150734,34.9,0.08,23055,3.48,0.62,0.95,0.83,0.85,0.23,0.77,0.56,0,1.07,6.3,0.011993432,0.026360947,0,0,0,0,83,5.5,0.45,132,9,48,TX,Texas,South,-98.533433,33.9026,0,0
48700,"Williamsport, PA Metro Area",115248,40.6,0.02,25222,2.91,0.61,0.94,0.85,0.83,0.23,0.8,0.66,0,0.95,4.5,0.011979017,0.029815183,1,9,0,0,102,8.8,0.42,287,25,42,PA,Pennsylvania,Northeast,-76.984142,41.249889,0,0
48900,"Wilmington, NC Metro Area",282573,40.4,0.06,29390,8.3,0.6,0.94,0.82,0.89,0.37,0.82,0.71,0,0.92,12,0.022321037,0.019584681,16,59,0,0,280,10.3,0.48,745,27,37,NC,North Carolina,South,-77.870424,34.2645,0,0
49020,"Winchester, VA-WV Metro Area",138878,42.3,0.03,30918,4.29,0.63,0.94,0.92,0.93,0.26,0.8,0.63,1,0.99,5.3,0.015440672,0.00557569,4,30,0,0,110,8.2,0.44,198,15,51,VA,Virginia,South,-78.266456,39.199635,0,0
49180,"Winston-Salem, NC Metro Area",662079,40.1,0.05,26865,17.79,0.61,0.95,0.84,0.87,0.28,0.8,0.67,1,0.92,25.3,-0.001240134,0.000960075,24,37,8,12,454,6.9,0.47,1512,23,37,NC,North Carolina,South,-80.285539,36.052309,0,0
49340,"Worcester, MA-CT Metro Area",935781,40.2,0.04,34197,32,0.67,0.95,0.9,0.87,0.36,0.84,0.73,2,0.97,35.3,0.007471343,0.007734448,25,27,8,9,686,7.4,0.45,7198,77,25,MA,Massachusetts,Northeast,-71.829905,42.239197,0,0
49420,"Yakima, WA Metro Area",249636,32.8,0.03,22026,5.5,0.63,0.93,0.82,0.78,0.16,0.78,0.57,0,1,7.9,0.017948602,0.012592439,6,24,0,0,129,5.2,0.44,170,7,53,WA,Washington,West,-120.416703,46.515823,0,0
49620,"York-Hanover, PA Metro Area",443744,41.2,0.04,29610,13.14,0.65,0.96,0.9,0.88,0.26,0.82,0.67,0,0.97,15.4,0.009880029,-0.008428666,12,27,9,20,247,5.6,0.42,1461,33,42,PA,Pennsylvania,Northeast,-76.750877,39.942113,0,0
49660,"Youngstown-Warren-Boardman, OH-PA Metro Area",544746,44.2,0.02,25818,14.06,0.58,0.93,0.82,0.83,0.25,0.79,0.64,0,0.95,19.2,0.003469842,0.025728044,9,16,0,0,365,6.6,0.45,919,17,39,OH,Ohio,Midwest,-80.645829,41.164632,0,0
49700,"Yuba City, CA Metro Area",171926,34.2,0.06,23757,4.08,0.59,0.91,0.83,0.83,0.17,0.81,0.58,0,1.02,5,0.018212251,0.017797314,0,0,0,0,71,4.2,0.44,112,7,6,CA,California,West,-121.584726,39.136935,0,0
49740,"Yuma, AZ Metro Area",205631,34.8,0.06,20845,4.29,0.56,0.89,0.82,0.82,0.17,0.8,0.6,0,1.07,5,0.018171544,-0.010388934,3,15,0,0,84,4.1,0.44,75,4,4,AZ,Arizona,West,-114.598603,32.650041,0,0
